"PWSID","comid","intake_pathlength","n_upstream","n_upstream_pre2002","hydro_idw_all","hydro_idw_pre2002","nearest_up_km","ok"
"010106001",6168742,13.351,0,0,0,0,NA,TRUE
"090605013",948070501,51.984,13,2,7.42166907339814,1.62774920251735,0.600000000000001,TRUE
"AK2210906",NA,NA,NA,NA,NA,NA,NA,FALSE
"AK2320078",NA,NA,NA,NA,NA,NA,NA,FALSE
"AL0000013",22275788,639.5,0,0,0,0,NA,TRUE
"AL0000017",21681230,533.009,1,0,0.087204442784635,0,24.395,TRUE
"AL0000162",22202015,817.336,9,7,4.41728187740622,3.1286937030435,3.52800000000002,TRUE
"AL0000179",3296838,494.669,0,0,0,0,NA,TRUE
"AL0000180",3298884,512.326,0,0,0,0,NA,TRUE
"AL0000188",15823661,931.31,14,5,0.00905580934375446,0.00557706256572096,54.859,TRUE
"AL0000213",22275128,676.024,0,0,0,0,NA,TRUE
"AL0000256",21639116,154.617,0,0,0,0,NA,TRUE
"AL0000262",18547088,278.3,0,0,0,0,NA,TRUE
"AL0000314",19580237,2042.914,4,4,2.28420300152262,2.28420300152262,4.52700000000004,TRUE
"AL0000316",19581385,2040.811,2,2,0.92797283482708,0.92797283482708,7.67899999999986,TRUE
"AL0000320",19580757,2056.69,0,0,0,0,NA,TRUE
"AL0000321",19581357,2049.499,1,1,0.570124797007177,0.570124797007177,5.61900000000014,TRUE
"AL0000327",19623736,2037.839,26,13,1.54477893455543,1.43376187840558,9.36900000000014,TRUE
"AL0000331",19580319,2041.441,0,0,0,0,NA,TRUE
"AL0000409",18587998,821.845,0,0,0,0,NA,TRUE
"AL0000506",22198649,929.902,0,0,0,0,NA,TRUE
"AL0000539",21688514,550.531,1,0,0.439156252934053,0,8.22900000000004,TRUE
"AL0000540",22276622,608.984,8,3,0.00280594859634492,0.0019354266307802,63.064,TRUE
"AL0000549",21681014,544.09,1,0,0.230616297342409,0,14.67,TRUE
"AL0000577",26132875,855.728,4,2,2.71106054150889,1.33989253698736,2.98200000000008,TRUE
"AL0000580",26132875,855.728,4,2,2.71106054150889,1.33989253698736,2.98200000000008,TRUE
"AL0000587",22200435,862.892,0,0,0,0,NA,TRUE
"AL0000738",18566197,707.228,14,4,3.8599885394636,1.28166337828913,10.7180000000001,TRUE
"AL0000783",19580017,2059.043,3,2,2.54960990283767,1.67458243386006,1.33500000000004,TRUE
"AL0000798",19582757,2134.847,0,0,0,0,NA,TRUE
"AL0000804",21712316,723.523,0,0,0,0,NA,TRUE
"AL0000814",21712498,693.409,0,0,0,0,NA,TRUE
"AL0000816",21713194,745.541,1,0,0.590078323026867,0,5.27499999999998,TRUE
"AL0000820",3298268,440.682,0,0,0,0,NA,TRUE
"AL0000833",19622510,2129.758,0,0,0,0,NA,TRUE
"AL0000878",19619494,2165.925,0,0,0,0,NA,TRUE
"AL0000882",19620296,2170.916,11,6,4.88205932895411,2.15634648905235,4.15299999999979,TRUE
"AL0000888",19619802,2181.271,0,0,0,0,NA,TRUE
"AL0000893",19620938,2197.83,0,0,0,0,NA,TRUE
"AL0000899",19621618,2151.697,34,12,0.705634545980985,0.376272429102219,17.0329999999999,TRUE
"AL0000905",19621334,2180.326,0,0,0,0,NA,TRUE
"AL0000933",19649646,2236.981,0,0,0,0,NA,TRUE
"AL0000936",18562467,864.26,0,0,0,0,NA,TRUE
"AL0000943",19650370,2210.238,5,2,1.31247799145333,0.142490716379233,5.83300000000008,TRUE
"AL0001142",3435100,423.812,0,0,0,0,NA,TRUE
"AL0001145",3436090,383.902,0,0,0,0,NA,TRUE
"AL0001148",21656538,617.418,2,2,0.529483741687692,0.529483741687692,13.29,TRUE
"AL0001157",21655894,603.446,0,0,0,0,NA,TRUE
"AL0001160",21656220,584.517,3,2,0.876696031335484,0.40181928974041,7.447,TRUE
"AL0001163",21656528,630.508,0,0,0,0,NA,TRUE
"AL0001164",22271692,745.175,0,0,0,0,NA,TRUE
"AL0001203",22204027,786.09,0,0,0,0,NA,TRUE
"AL0001260",22206187,756.5,1,0,0.905289949868508,0,0.995000000000005,TRUE
"AL0001371",21458314,285.494,0,0,0,0,NA,TRUE
"AL0001393",166759133,299.931,0,0,0,0,NA,TRUE
"AL0001422",19647916,2279.382,0,0,0,0,NA,TRUE
"AL0001423",19580017,2059.043,3,2,2.54960990283767,1.67458243386006,1.33500000000004,TRUE
"AL0001671",22271202,724.89,0,0,0,0,NA,TRUE
"AR0000056",399516,1732.718,0,0,0,0,NA,TRUE
"AZ0404032",20437142,625.323,0,0,0,0,NA,TRUE
"AZ0406003",21357219,808.079,0,0,0,0,NA,TRUE
"AZ0407088",24979652,378.976,24,12,0.522637183591061,0.23320993488568,19.253,TRUE
"AZ0407090",NA,NA,NA,NA,NA,NA,NA,FALSE
"AZ0407092",NA,NA,NA,NA,NA,NA,NA,FALSE
"AZ0407093",20416164,419.717,0,0,0,0,NA,TRUE
"AZ0407094",20418234,383.587,4,3,1.8768336512309,1.48745382706265,3.22500000000002,TRUE
"AZ0407095",NA,NA,NA,NA,NA,NA,NA,FALSE
"AZ0407096",20417208,398.696,19,9,1.099278649588,0.407409480730535,17.955,TRUE
"AZ0407100",20481284,423.744,13,8,6.30898367163251,4.5942615982119,3.78699999999998,TRUE
"AZ0407101",24979652,378.976,24,12,0.522637183591061,0.23320993488568,19.253,TRUE
"AZ0407305",20416422,394.095,24,12,2.37033719814156,1.05768628982248,4.13399999999996,TRUE
"CA0110003",2806909,81.082,0,0,0,0,NA,TRUE
"CA0110008",2806177,55.011,0,0,0,0,NA,TRUE
"CA0410008",1680101,286.087,0,0,0,0,NA,TRUE
"CA1010003",17141686,79.693,1,0,0.562704868806956,0,5.75,TRUE
"CA1010007",17149532,11.654,21,11,1.02937021605459,0.536755022285941,17.908,TRUE
"CA1510003",17695743,3.798,135,77,101.560265979709,57.3997110951576,1.235,TRUE
"CA1510031",NA,NA,NA,NA,NA,NA,NA,FALSE
"CA1510055",17695743,3.798,135,77,101.560265979709,57.3997110951576,1.235,TRUE
"CA1910006",20362545,0,0,0,0,0,NA,TRUE
"CA1910011",20359324,-9999,0,0,0,0,NA,TRUE
"CA1910017",17575751,86.175,0,0,0,0,NA,TRUE
"CA1910018",22525197,-9999,0,0,0,0,NA,TRUE
"CA1910024",22523195,56.493,14,8,7.23579224461651,4.15768212476913,5.357,TRUE
"CA1910026",22518272,9.967,0,0,0,0,NA,TRUE
"CA1910028",22515796,62.833,0,0,0,0,NA,TRUE
"CA1910033",20366453,-9999,0,0,0,0,NA,TRUE
"CA1910036",22518268,20.577,235,130,33.9295372365744,18.925232118477,8.531,TRUE
"CA1910043",22514960,50.201,137,76,34.4252111370435,21.2638350904711,2.653,TRUE
"CA1910049",22518268,20.577,235,130,33.9295372365744,18.925232118477,8.531,TRUE
"CA1910050",22518268,20.577,235,130,33.9295372365744,18.925232118477,8.531,TRUE
"CA1910073",20366391,-9999,0,0,0,0,NA,TRUE
"CA1910079",22518272,9.967,0,0,0,0,NA,TRUE
"CA1910096",17574607,79.649,4,3,1.5229086310359,1.47191221895054,2,TRUE
"CA1910098",20359324,-9999,0,0,0,0,NA,TRUE
"CA1910108",22518268,20.577,235,130,33.9295372365744,18.925232118477,8.531,TRUE
"CA1910126",22524751,57.475,2,0,0.332421073684799,0,17.945,TRUE
"CA1910140",22515008,43.583,0,0,0,0,NA,TRUE
"CA1910142",22514960,50.201,137,76,34.4252111370435,21.2638350904711,2.653,TRUE
"CA1910161",22525197,-9999,0,0,0,0,NA,TRUE
"CA1910179",22514960,50.201,137,76,34.4252111370435,21.2638350904711,2.653,TRUE
"CA1910191",22524985,11.652,131,75,44.7129545295115,25.5545165172095,4.179,TRUE
"CA1910211",22525157,6.473,121,62,3.37633350684309,1.85996715781051,24.237,TRUE
"CA1910218",22525691,24.126,7,3,3.85553642988339,1.65237275566431,5.964,TRUE
"CA1910240",17575751,86.175,0,0,0,0,NA,TRUE
"CA1910245",22524985,11.652,131,75,44.7129545295115,25.5545165172095,4.179,TRUE
"CA2710004",22515826,37.307,43,28,25.5020216118852,16.9286776872186,2.331,TRUE
"CA3010001",20359324,-9999,0,0,0,0,NA,TRUE
"CA3010003",22524983,11.652,0,0,0,0,NA,TRUE
"CA3010010",22525739,21.629,38,24,21.8315080009268,14.3270019285758,2.162,TRUE
"CA3010022",20359324,-9999,0,0,0,0,NA,TRUE
"CA3010027",24843730,18.415,217,91,30.0086239954054,19.0468343436348,2.433,TRUE
"CA3010035",20359324,-9999,0,0,0,0,NA,TRUE
"CA3010037",22527387,31.25,0,0,0,0,NA,TRUE
"CA3010038",20357346,0.04,58,30,26.6485541931168,14.1513918973268,0.912,TRUE
"CA3010046",20355334,11.185,3,1,2.10347235233832,0.833434636818568,0.74,TRUE
"CA3010047",20359324,-9999,0,0,0,0,NA,TRUE
"CA3010053",20359146,2.635,0,0,0,0,NA,TRUE
"CA3010062",20359324,-9999,0,0,0,0,NA,TRUE
"CA3010064",20359324,-9999,0,0,0,0,NA,TRUE
"CA3010082",22560942,20.848,198,75,18.2745811572429,8.29330775958893,4.153,TRUE
"CA3010092",20355372,8.219,5,2,3.05028042947964,1.36286766699695,2.966,TRUE
"CA3110004",15033735,163.488,0,0,0,0,NA,TRUE
"CA3310025",22560640,57.923,1,0,0.771514355572096,0,2.594,TRUE
"CA3310026",22534640,134.273,3,1,0.219238153741521,0.0599047187401121,21.83,TRUE
"CA3310031",22563404,80.764,4,2,2.26169556105301,1.28388450876884,2.98700000000001,TRUE
"CA3310036",948070548,72.502,6,3,2.13532104115467,0.90313167756394,4.995,TRUE
"CA3310038",948070500,52.584,8,1,2.51575984174577,0.36356397508918,2.249,TRUE
"CA3410001",15022679,103.005,6,0,0.68232921324278,0,20.009,TRUE
"CA3410004",15022675,109.226,0,0,0,0,NA,TRUE
"CA3410010",15022627,106.827,6,1,3.58152487629952,0.579436036119603,4.871,TRUE
"CA3410017",15022627,106.827,6,1,3.58152487629952,0.579436036119603,4.871,TRUE
"CA3410020",15039157,77.602,57,22,4.82714457267128,1.96154505945828,9.869,TRUE
"CA3410029",15039157,77.602,57,22,4.82714457267128,1.96154505945828,9.869,TRUE
"CA3410045",15022627,106.827,6,1,3.58152487629952,0.579436036119603,4.871,TRUE
"CA3510003",17664469,103.809,0,0,0,0,NA,TRUE
"CA3610005",948090849,202.978,0,0,0,0,NA,TRUE
"CA3610008",22559620,164.324,0,0,0,0,NA,TRUE
"CA3610015",22660237,205.089,0,0,0,0,NA,TRUE
"CA3610029",22560464,60.994,36,18,16.2693535603824,7.85202555543972,3.765,TRUE
"CA3610034",22563366,56.598,55,28,20.1373338053412,9.69463799893026,0.831000000000003,TRUE
"CA3610037",22556196,104.558,0,0,0,0,NA,TRUE
"CA3610038",22558144,86.697,3,1,2.16281862209615,0.720939540698716,3.27199999999999,TRUE
"CA3610050",22563366,56.598,55,28,20.1373338053412,9.69463799893026,0.831000000000003,TRUE
"CA3610055",22556184,120.307,0,0,0,0,NA,TRUE
"CA3610062",22555202,121.813,0,0,0,0,NA,TRUE
"CA3610064",22555842,106.998,0,0,0,0,NA,TRUE
"CA3710013",948070178,32.167,1,0,0.160879442313301,0,18.271,TRUE
"CA3810700",1671909,-9999,0,0,0,0,NA,TRUE
"CA3910001",1897518,67.916,12,4,11.8984322743556,3.96614409145186,0.085000000000008,TRUE
"CA3910004",3952909,59.285,0,0,0,0,NA,TRUE
"CA3910005",1894450,75.12,23,8,0.0081433382953131,0.0051576518872367,60.911,TRUE
"CA3910015",1897398,89.183,29,9,0.0337322015958558,0.0211034506628927,46.848,TRUE
"CA4010001",8193713,21.107,0,0,0,0,NA,TRUE
"CA4010007",8211817,197.463,0,0,0,0,NA,TRUE
"CA4210004",17596115,4.773,0,0,0,0,NA,TRUE
"CA4210013",17608435,73.024,0,0,0,0,NA,TRUE
"CA4310011",17694189,13.445,20,12,9.22654537000141,5.62889392691938,5.72,TRUE
"CA4410011",17663497,0.386,2,1,1.00803440856432,0.498725218116261,6.747,TRUE
"CA4510005",2495178,468.492,0,0,0,0,NA,TRUE
"CA4810008",15042589,59.917,3,1,1.62387392947091,0.639416012283172,4.47199999999999,TRUE
"CA5010010",2823920,159.498,1,0,0.171598128185101,0,17.626,TRUE
"CA5310001",8245758,230.982,0,0,0,0,NA,TRUE
"CA5410006",17154470,0,2,2,1.26648732252555,1.26648732252555,4.569,TRUE
"CA5610008",17562630,7.241,13,8,4.56107974065558,2.88674319714325,5.526,TRUE
"CA5610063",17564046,18.315,12,6,2.80638107045143,1.16698413774655,6.696,TRUE
"CO0101025",229425,3824.892,3,1,1.12009395842322,0.432228887013125,8.38800000000037,TRUE
"CO0101140",2883065,3809.398,2,0,0.0016051755059699,0,68.1959999999999,TRUE
"CO0101150",229619,3848.897,293,53,87.4553365854965,13.549006071667,1.44000000000005,TRUE
"CO0101157",2883065,3809.398,2,0,0.0016051755059699,0,68.1959999999999,TRUE
"CO0118015",189911,3891.683,0,0,0,0,NA,TRUE
"CO0118020",191841,3919.808,0,0,0,0,NA,TRUE
"CO0118025",191841,3919.808,0,0,0,0,NA,TRUE
"CO0118040",191841,3919.808,0,0,0,0,NA,TRUE
"CO0121275",1531409,3035.289,0,0,0,0,NA,TRUE
"CO0121775",1006007,3043.713,0,0,0,0,NA,TRUE
"CO0121800",1006007,3043.713,0,0,0,0,NA,TRUE
"CO0121900",1530031,3054.354,51,14,7.38434568582154,2.22967753049175,10.3690000000001,TRUE
"CO0130085",188173,3893.812,1,0,0.126261515892046,0,20.694,TRUE
"CT0150011",7732079,0.447,2,0,1.18240107521374,0,5.256,TRUE
"CT0170011",6109305,158.168,1,0,0.436223740924659,0,8.29599999999999,TRUE
"CT0230011",6109219,160.224,0,0,0,0,NA,TRUE
"CT0340011",7717180,90.637,2,1,1.51025792321438,0.726221655608265,2.43299999999999,TRUE
"CT0450011",6171782,2.401,0,0,0,0,NA,TRUE
"CT0473011",7700024,96.405,0,0,0,0,NA,TRUE
"CT0520011",6109643,147.726,4,2,0.126135320996695,0.0871848366289741,26.654,TRUE
"CT0570011",7733103,0,0,0,0,0,NA,TRUE
"CT0608011",6177436,9.419,0,0,0,0,NA,TRUE
"CT0770021",7700176,93.334,0,0,0,0,NA,TRUE
"CT0780021",6162579,71.7,0,0,0,0,NA,TRUE
"CT0800011",6174616,44.032,2,0,1.25639584368188,0,4.649,TRUE
"CT0930011",7700392,62.497,0,0,0,0,NA,TRUE
"CT1030011",7732695,2.896,2,0,0.528725529757842,0,10.427,TRUE
"CT1040011",6168494,47.042,0,0,0,0,NA,TRUE
"CT1160011",6148545,90.568,0,0,0,0,NA,TRUE
"CT1180011",6227508,103.109,0,0,0,0,NA,TRUE
"CT1240011",7717206,27.69,45,24,5.83280531956169,3.06338800289673,3.947,TRUE
"CT1310011",6174422,51.476,10,8,3.78113751187313,2.97729573125113,8.518,TRUE
"CT1480011",6177054,25.607,5,0,2.67418970995354,0,5.185,TRUE
"DE0000552",4652196,77.664,34,20,12.6048670700767,6.18302534038407,0.718999999999994,TRUE
"DE0000564",4651348,80.58,17,13,12.1450241062475,9.7088387683903,0.972999999999999,TRUE
"DE0000630",4651956,90.95,11,6,3.32985980525732,1.89118679403686,9.717,TRUE
"DE0000663",24902758,61.731,101,56,17.1728478672788,10.2877386277978,3.538,TRUE
"FL4501559",NA,NA,NA,NA,NA,NA,NA,FALSE
"FL5084100",16848824,7.627,3,0,2.6557106632961,0,1.219,TRUE
"FL5364048",10247817,21.557,18,3,5.51634428229434,1.16169767036032,3.913,TRUE
"FL6144856",16812151,15.817,0,0,0,0,NA,TRUE
"FL6144898",16807259,64.739,0,0,0,0,NA,TRUE
"FL6290327",16910627,0,58,12,4.81563886533413,2.08657975188034,11.442,TRUE
"FL6290333",16918982,-9999,0,0,0,0,NA,TRUE
"FL6290787",16918982,-9999,0,0,0,0,NA,TRUE
"FL6291372",16918982,-9999,0,0,0,0,NA,TRUE
"FL6296193",16918610,0,0,0,0,0,NA,TRUE
"FL6511361",16931786,0,0,0,0,0,NA,TRUE
"FL6580651",16838066,20.531,0,0,0,0,NA,TRUE
"FL6581591",16864415,12.248,0,0,0,0,NA,TRUE
"FL6588003",16864415,12.248,0,0,0,0,NA,TRUE
"GA0150001",6497720,1084.214,0,0,0,0,NA,TRUE
"GA0350051",6335182,589.599,0,0,0,0,NA,TRUE
"GA0470000",19697685,2422.719,1,0,0.565581994071125,0,5.69900000000007,TRUE
"GA0470001",19699245,2420.056,0,0,0,0,NA,TRUE
"GA0510002",20106913,40.841,0,0,0,0,NA,TRUE
"GA0510004",6315723,18.001,0,0,0,0,NA,TRUE
"GA0570003",6498048,1139.345,0,0,0,0,NA,TRUE
"GA0630000",6411750,705.533,0,0,0,0,NA,TRUE
"GA0670001",3285574,654.269,10,3,1.9525987373467,0.434683903926656,5.09199999999998,TRUE
"GA0670003",3285426,668.821,7,3,3.91263143555978,1.67684204381133,5.81700000000001,TRUE
"GA0770003",6413532,661.802,1,0,0.861913811479639,0,1.48599999999999,TRUE
"GA1030131",20105901,101.572,0,0,0,0,NA,TRUE
"GA1130001",6415470,673.857,4,1,1.16166561295794,0.400797085878555,9.14300000000003,TRUE
"GA1130003",6412792,680.206,0,0,0,0,NA,TRUE
"GA1150001",6489598,1024.2,3,2,2.14339059105502,1.67656520644848,1.7639999999999,TRUE
"GA1210003",3285898,643.061,0,0,0,0,NA,TRUE
"GA1210009",2044977,684.903,0,0,0,0,NA,TRUE
"GA1290000",6486310,1083.462,12,2,5.16513905021952,0.942185766552287,1.20299999999997,TRUE
"GA1330046",6278519,474.098,0,0,0,0,NA,TRUE
"GA1450011",3295188,459.164,0,0,0,0,NA,TRUE
"GA1510000",6413172,679.482,1,1,0.512425471503951,0.512425471503951,6.68600000000004,TRUE
"GA1510003",6338242,644.241,0,0,0,0,NA,TRUE
"GA1510004",6334140,652.44,5,1,1.50898601563123,0.301797203126246,11.9799999999999,TRUE
"GA1570000",1047621,635.654,0,0,0,0,NA,TRUE
"GA1710000",6339246,584.37,0,0,0,0,NA,TRUE
"GA1890001",9977135,338.311,0,0,0,0,NA,TRUE
"GA2070074",6336078,572.218,1,0,0.79231202008314,0,2.32800000000009,TRUE
"GA2130000",12193688,1171.292,0,0,0,0,NA,TRUE
"GA2150000",3430292,431.239,0,0,0,0,NA,TRUE
"GA2230002",6500818,1142.965,1,1,0.59708249055549,0.59708249055549,5.15700000000015,TRUE
"GA2450000",22725365,307.995,0,0,0,0,NA,TRUE
"GA2550000",6414038,637.741,0,0,0,0,NA,TRUE
"GA2550036",6413882,670.323,0,0,0,0,NA,TRUE
"GA2630005",6419606,597.552,0,0,0,0,NA,TRUE
"GA2850000",3289486,535.161,1,0,0.326606237611952,0,11.1900000000001,TRUE
"GA2850001",3291756,506.31,0,0,0,0,NA,TRUE
"GA2850002",3296840,481.496,11,6,0.921041307808338,0.501870787804198,22.793,TRUE
"GA2910000",19679633,2645.797,0,0,0,0,NA,TRUE
"GA2950002",15818935,1051.89,0,0,0,0,NA,TRUE
"GA2950003",19697731,2397.413,3,1,1.92238345816593,0.834936170139408,1.80400000000009,TRUE
"GA3130000",12193674,1164.342,15,4,8.09957182495113,2.29247145882972,2.37799999999993,TRUE
"GU0000010",NA,NA,NA,NA,NA,NA,NA,FALSE
"IA0400902",5121676,2480.958,0,0,0,0,NA,TRUE
"IA2725073",5136791,2516.595,0,0,0,0,NA,TRUE
"IA2909053",6964563,2218.75,3,0,0.306738279798958,0,13.1149999999998,TRUE
"IA2985002",6964533,2235.39,0,0,0,0,NA,TRUE
"IA5903011",22253383,2451.155,0,0,0,0,NA,TRUE
"IA8222001",14804529,2340.615,27,11,4.16904883035756,2.58209923898986,3.93100000000004,TRUE
"IA9778054",17244390,3039.109,3,0,0.389368931802124,0,16.375,TRUE
"ID2350014",23607602,737.018,2,1,1.68059379531686,0.840296897658431,1.74000000000001,TRUE
"IL0010650",2924833,2109.655,0,0,0,0,NA,TRUE
"IL0430500",14786917,2428.324,55,25,13.0624367873162,6.27068906807858,4.58500000000004,TRUE
"IL0570040",13586272,2147.545,0,0,0,0,NA,TRUE
"IL0570250",13586272,2147.545,0,0,0,0,NA,TRUE
"IL0810300",13778712,1894.348,0,0,0,0,NA,TRUE
"IL1075030",879620,1910.462,0,0,0,0,NA,TRUE
"IL1174160",877990,1910.083,0,0,0,0,NA,TRUE
"IL1190300",3623473,1878.959,0,0,0,0,NA,TRUE
"IL1195030",3624559,1867.994,0,0,0,0,NA,TRUE
"IL1195150",879620,1910.462,0,0,0,0,NA,TRUE
"IL1195210",3624659,1876.118,0,0,0,0,NA,TRUE
"IL1195220",879704,1895.149,1,1,0.80945022202781,0.80945022202781,2.11400000000003,TRUE
"IL1195300",3623249,1898.464,0,0,0,0,NA,TRUE
"IL1330050",3627179,1852.995,0,0,0,0,NA,TRUE
"IL1370020",3598372,2078.193,0,0,0,0,NA,TRUE
"IL1370200",3598372,2078.193,0,0,0,0,NA,TRUE
"IL1435030",879620,1910.462,0,0,0,0,NA,TRUE
"IL1570100",5088474,1738.874,0,0,0,0,NA,TRUE
"IL1610250",14804497,2352.503,19,6,3.39825405462022,1.05299746794857,5.61199999999963,TRUE
"IL1610450",10609172,2350.655,0,0,0,0,NA,TRUE
"IL1610650",14805869,2339.353,30,12,6.31907594457983,3.15740032852721,1.26199999999972,TRUE
"IL1615387",14804529,2340.615,27,11,4.16904883035756,2.58209923898986,3.93100000000004,TRUE
"IL1630250",13890608,1833.126,1,1,0.983045375181996,0.983045375181996,0.171000000000049,TRUE
"IL1630850",13889274,1840.469,0,0,0,0,NA,TRUE
"IL1631100",13890608,1833.126,1,1,0.983045375181996,0.983045375181996,0.171000000000049,TRUE
"IL1635040",3624559,1867.994,0,0,0,0,NA,TRUE
"IL1635237",13889398,1833.631,0,0,0,0,NA,TRUE
"IL1895600",13781226,1877.841,0,0,0,0,NA,TRUE
"IN5202020",15679391,218.902,23,11,5.03073252756949,2.46593623435365,1.58600000000001,TRUE
"IN5206014",18476781,2288.563,0,0,0,0,NA,TRUE
"IN5249004",18476443,2275.798,15,7,1.92533956854976,0.584323248880873,10.2920000000004,TRUE
"IN5249008",18476879,2265.821,51,23,9.05225079205069,4.23227222245669,7.02700000000004,TRUE
"IN5269007",3406825,2449.309,0,0,0,0,NA,TRUE
"KS2004503",3732025,2552.304,0,0,0,0,NA,TRUE
"KS2012106",2992960,2721.737,0,0,0,0,NA,TRUE
"KS2016914",18883714,2881.222,2,1,0.0643138282619528,0.0190478698987491,30.9519999999998,TRUE
"KS2017303",21164691,2138.624,2,1,1.29569493499847,0.647847467499233,4.34100000000035,TRUE
"KY0410047",1823884,2339.286,0,0,0,0,NA,TRUE
"KY0540977",10565182,1841.42,0,0,0,0,NA,TRUE
"KY0720933",11878920,1726.447,0,0,0,0,NA,TRUE
"KY0730533",1839373,1632.894,0,0,0,0,NA,TRUE
"KY1050157",1825102,2427.963,0,0,0,0,NA,TRUE
"KY1180468",10190876,2587.706,1,1,0.156187198618855,0.156187198618855,18.567,TRUE
"LA1005035",11055885,122.377,0,0,0,0,NA,TRUE
"LA1069007",19917624,506.172,1,0,0.815462371187296,0,2.03999999999996,TRUE
"LA1071001",18910456,60.545,0,0,0,0,NA,TRUE
"LA1071009",18910456,60.545,0,0,0,0,NA,TRUE
"LA1089001",22369221,88.945,0,0,0,0,NA,TRUE
"LA1109001",11079067,38.446,1,0,0.083910879641545,0,24.78,TRUE
"LA1109002",11079067,38.446,1,0,0.083910879641545,0,24.78,TRUE
"MA1127000",6780909,163.813,0,0,0,0,NA,TRUE
"MA2002000",6772091,100.524,0,0,0,0,NA,TRUE
"MA2134000",6078381,177.014,0,0,0,0,NA,TRUE
"MA2138000",6116012,56.995,5,3,2.55671930498961,1.41081003430952,2.408,TRUE
"MA2185000",5866779,121.031,3,2,1.87793646820353,1.22207126888666,4.21799999999999,TRUE
"MA2186000",6115838,84.978,32,16,9.91648915234882,4.51104368200107,4.60900000000001,TRUE
"MA3067000",6772161,89.403,62,30,6.24618873659569,2.15738670588958,4.776,TRUE
"MA3071000",5862661,32.508,4,2,3.85239241237945,1.92619620618972,0.375999999999998,TRUE
"MA3073000",5867805,38.005,65,31,3.12654147360504,1.94796645757342,12.149,TRUE
"MA3079000",6746180,62.613,132,64,19.2543085072569,11.5234153445674,1.646,TRUE
"MA3144000",5860383,5.39,106,61,5.97730056404227,3.86748252923528,8.535,TRUE
"MA3157000",5866397,31.627,0,0,0,0,NA,TRUE
"MA3163000",5863823,1.118,47,26,8.40316357542883,4.83488697281028,4.225,TRUE
"MA3166000",5860477,0.266,2,1,1.66071325298587,0.830356626492937,1.859,TRUE
"MA3199000",5868101,34.345,0,0,0,0,NA,TRUE
"MA3206000",5860591,4.191,15,8,7.30639652731916,3.89674481457022,7.193,TRUE
"MA3229000",5860513,4.657,0,0,0,0,NA,TRUE
"MA3305000",5862697,19.952,0,0,0,0,NA,TRUE
"MA3317000",5867413,61.841,7,3,4.66628259933745,1.96091713274204,3.02099999999999,TRUE
"MA3330000",6746274,77.412,12,4,3.97664189056119,1.89486563480462,0.579999999999998,TRUE
"MA3347000",5866329,20.585,0,0,0,0,NA,TRUE
"MA4001000",6124045,87.985,7,4,5.56451678046489,3.17972387455136,2.295,TRUE
"MA4016000",6127969,46.226,6,2,4.16084074461029,1.37115504463525,1.764,TRUE
"MA4040000",5863761,7.257,38,17,11.7946269626646,5.37406515615953,7.289,TRUE
"MA4050000",5867859,28.908,9,5,7.46723346151519,4.1484630341751,1.867,TRUE
"MA4072000",5878911,4.263,5,4,1.15181379443524,0.92145103554819,14.681,TRUE
"MA4133000",5867603,22.711,0,0,0,0,NA,TRUE
"MA4238000",6125405,47.962,5,2,3.95244751367481,1.63109812271651,1.44799999999999,TRUE
"MA4244000",5866715,21.61,0,0,0,0,NA,TRUE
"MA4264000",5863757,2.782,0,0,0,0,NA,TRUE
"MA4292000",6130171,4.564,1,0,0.534191975471484,0,6.27,TRUE
"MD0060015",11687250,105.705,0,0,0,0,NA,TRUE
"MD0070011",4763642,26.145,13,8,5.92246538336595,3.67428383642584,5.152,TRUE
"MD0080049",4528189,115.218,0,0,0,0,NA,TRUE
"MD0100023",8448492,325.689,0,0,0,0,NA,TRUE
"MD0120001",11687492,6.917,0,0,0,0,NA,TRUE
"MD0120003",11687586,28.904,0,0,0,0,NA,TRUE
"MD0150002",4506328,230.649,0,0,0,0,NA,TRUE
"MD0150005",4507258,214.215,7,5,1.96643127463594,1.43082332320658,11.593,TRUE
"MD0210002",5891712,315.75,0,0,0,0,NA,TRUE
"MD1160049",22340603,169.46,76,33,6.98331023412901,3.24296424342421,8.21799999999999,TRUE
"ME0090750",3321290,98.896,1,1,0.0117924002689598,0.0117924002689598,44.403,TRUE
"MI0001880",13229018,33.907,5,2,0.00877399304501214,0.00821663015106062,48.864,TRUE
"MI0002640",12015866,-9999,0,0,0,0,NA,TRUE
"MI0005370",9005071,85.882,26,11,2.16198307933873,0.937749197383713,5.119,TRUE
"MN1020016",1100340,2989.619,0,0,0,0,NA,TRUE
"MN1190002",1877035,2914.536,8,2,1.99226469720517,0.47859509593687,7.79999999999973,TRUE
"MN1270001",1100138,2970.541,13,8,9.22284824051631,5.81051672507742,2.23900000000003,TRUE
"MN1270008",1100138,2970.541,13,8,9.22284824051631,5.81051672507742,2.23900000000003,TRUE
"MN1270014",1100138,2970.541,13,8,9.22284824051631,5.81051672507742,2.23900000000003,TRUE
"MN1270024",1100138,2970.541,13,8,9.22284824051631,5.81051672507742,2.23900000000003,TRUE
"MN1270040",1100138,2970.541,13,8,9.22284824051631,5.81051672507742,2.23900000000003,TRUE
"MN1570003",7037885,433.88,0,0,0,0,NA,TRUE
"MN1600004",7067058,241.575,0,0,0,0,NA,TRUE
"MN1620001",937010485,2933.39,18,10,12.5283908543348,6.89067878555959,1.30600000000004,TRUE
"MN1620013",937010485,2933.39,18,10,12.5283908543348,6.89067878555959,1.30600000000004,TRUE
"MN1620026",937010485,2933.39,18,10,12.5283908543348,6.89067878555959,1.30600000000004,TRUE
"MN1730027",2724999,3077.52,0,0,0,0,NA,TRUE
"MO1010177",2334341,2425.131,3,2,0.889582207303901,0.527107289736918,6.4050000000002,TRUE
"MO2010344",2926435,2060.05,4,2,2.80146355219831,1.37289517206429,2.99099999999999,TRUE
"MO2010533",4462768,2334.693,0,0,0,0,NA,TRUE
"MO2024313",4988807,2218.728,0,0,0,0,NA,TRUE
"MO2024363",4461530,2369.252,0,0,0,0,NA,TRUE
"MO2024382",5138197,2469.972,0,0,0,0,NA,TRUE
"MO2024402",5041860,2174.358,0,0,0,0,NA,TRUE
"MO2024471",2508043,2083.214,0,0,0,0,NA,TRUE
"MO2024500",4868933,2139.362,1,0,0.583272961884984,0,5.39100000000008,TRUE
"MO2024504",5041998,2237.086,0,0,0,0,NA,TRUE
"MO2024559",5125202,2400.388,0,0,0,0,NA,TRUE
"MO6010276",3627415,1808.78,0,0,0,0,NA,TRUE
"MO6010359",3628953,1810.339,0,0,0,0,NA,TRUE
"MO6010719",880752,1936.874,14,6,8.92079041490192,3.89549735223438,3.69000000000005,TRUE
"NC0113010",9202277,454.763,0,0,0,0,NA,TRUE
"NC0113025",9202257,440.885,4,1,1.99694824809469,0.21877751036132,2.16899999999998,TRUE
"NC0123020",12034553,488.812,1,0,0.176664999136258,0,17.335,TRUE
"NC0136015",9756880,470.924,30,15,4.27639240709566,1.71809817598042,3.40500000000003,TRUE
"NC0136025",9747470,511.388,0,0,0,0,NA,TRUE
"NC0136065",9747300,487.174,0,0,0,0,NA,TRUE
"NC0149025",9235819,489.479,4,1,2.95764800957134,0.739412002392834,3.01900000000001,TRUE
"NC0149185",9731486,457.771,5,4,1.39841587669596,1.10140900398315,12.14,TRUE
"NC0155010",9747384,517.563,0,0,0,0,NA,TRUE
"NC0155035",9751148,525.531,1,0,0.554050190371498,0,5.90500000000009,TRUE
"NC0160156",9731468,469.627,11,9,6.22255718937921,5.08530162990181,5.09199999999998,TRUE
"NC0180065",9222623,448.723,0,0,0,0,NA,TRUE
"NC0190010",9203859,418.505,3,1,1.37068729423586,0.456895764745287,7.83300000000003,TRUE
"NC0190413",9203859,418.505,3,1,1.37068729423586,0.456895764745287,7.83300000000003,TRUE
"NC0201010",8891492,385.249,2,1,1.38811563235539,0.707937121976491,3.45399999999995,TRUE
"NC0201015",8892266,373.915,0,0,0,0,NA,TRUE
"NC0201018",8890546,389.856,0,0,0,0,NA,TRUE
"NC0201025",8889714,400.254,0,0,0,0,NA,TRUE
"NC0241010",8891014,443.868,17,6,6.74193565527692,2.46128238860493,4.01900000000001,TRUE
"NC0241025",8890656,442.43,15,3,8.9927378685112,1.63279892058241,1.87599999999998,TRUE
"NC0241030",8890656,442.43,15,3,8.9927378685112,1.63279892058241,1.87599999999998,TRUE
"NC0276015",8869582,457.152,0,0,0,0,NA,TRUE
"NC0276030",8868972,481.37,0,0,0,0,NA,TRUE
"NC0309527",9127904,245.653,0,0,0,0,NA,TRUE
"NC0319010",8870186,341.307,0,0,0,0,NA,TRUE
"NC0326010",8846583,221.269,0,0,0,0,NA,TRUE
"NC0326020",8846259,289.033,0,0,0,0,NA,TRUE
"NC0332010",8893166,361.403,4,3,3.07158698456993,2.30369023842745,2.64099999999996,TRUE
"NC0343010",8845895,257.75,0,0,0,0,NA,TRUE
"NC0343015",8810275,290.464,0,0,0,0,NA,TRUE
"NC0343025",8845701,288.406,0,0,0,0,NA,TRUE
"NC0343045",8845701,288.406,0,0,0,0,NA,TRUE
"NC0347030",8850411,259.971,2,2,0.323960819085819,0.323960819085819,18.049,TRUE
"NC0351010",8785659,292.539,43,14,0.712567138055826,0.0304833579973398,4.29900000000004,TRUE
"NC0351025",8785699,290.05,0,0,0,0,NA,TRUE
"NC0351185",8784271,360.454,0,0,0,0,NA,TRUE
"NC0351195",8785699,290.05,0,0,0,0,NA,TRUE
"NC0353010",8874770,334.223,0,0,0,0,NA,TRUE
"NC0353101",8874770,334.223,0,0,0,0,NA,TRUE
"NC0363108",8875438,384.809,0,0,0,0,NA,TRUE
"NC0368020",8780581,453.716,1,0,0.319243865373125,0,11.418,TRUE
"NC0377010",9108552,283.264,0,0,0,0,NA,TRUE
"NC0377109",9165334,305.321,2,2,1.43569231243347,1.43569231243347,3.315,TRUE
"NC0378010",9129826,249.982,0,0,0,0,NA,TRUE
"NC0392020",8786311,383.65,0,0,0,0,NA,TRUE
"NC0392045",8893986,339.028,0,0,0,0,NA,TRUE
"NC0392050",8842289,314.185,0,0,0,0,NA,TRUE
"NC0392055",8842351,299.468,0,0,0,0,NA,TRUE
"NC0410035",11562770,48.559,0,0,0,0,NA,TRUE
"NC0410045",8833468,71.882,0,0,0,0,NA,TRUE
"NC0410060",166756337,23.007,2,0,0.0620989605115777,0,27.844,TRUE
"NC0442028",10511286,201.626,0,0,0,0,NA,TRUE
"NC0454010",11239515,149.612,0,0,0,0,NA,TRUE
"NC0454030",11239515,149.612,0,0,0,0,NA,TRUE
"NC0464020",8762275,223.419,1,0,0.265723230161137,0,13.253,TRUE
"NC0474015",3350779,91.951,0,0,0,0,NA,TRUE
"NC0474025",11234993,135.401,1,1,0.354410299102676,0.354410299102676,10.373,TRUE
"NC0474035",11574374,120.343,0,0,0,0,NA,TRUE
"NC0474045",3350779,91.951,0,0,0,0,NA,TRUE
"NC0496010",8790745,211.059,0,0,0,0,NA,TRUE
"NC0496055",11238851,211.484,0,0,0,0,NA,TRUE
"NC2023003",12034553,488.812,1,0,0.176664999136258,0,17.335,TRUE
"NC4051009",8785699,290.05,0,0,0,0,NA,TRUE
"NC4064005",8762275,223.419,1,0,0.265723230161137,0,13.253,TRUE
"NC5026027",8846613,217.781,0,0,0,0,NA,TRUE
"NC5063011",8875664,398.084,0,0,0,0,NA,TRUE
"NC6096001",8790551,221.148,0,0,0,0,NA,TRUE
"ND1800410",9398032,238.764,1,0,0.596664679063194,0,5.16399999999999,TRUE
"NH1471010",6731745,230.409,0,0,0,0,NA,TRUE
"NH1951010",5850902,56.593,0,0,0,0,NA,TRUE
"NH2051010",6745480,54.559,8,3,5.01153142319104,1.87932428369664,4.677,TRUE
