"outcome","spec","exposure","estimate","std.error","statistic","p.value","nobs","sig"
"log_PFBA","ols_cov","idw_airport_10km",0.178125258864051,0.0459285385967524,3.87831322977575,0.000120075074632823,546,"***"
"log_PFOS","ols_cov","idw_airport_10km",0.0857132081340664,0.0368580716044288,2.3254935595645,0.0203276370447825,781,"**"
"log_PFPeA","ols_cov","idw_airport_10km",0.070115021219688,0.0344415768205005,2.03576687516681,0.0421120985550173,854,"**"
"log_PFPeS","ols_cov","idw_airport_10km",0.704691987981626,0.130008253222794,5.42036348087842,0.116143694304877,15,""
"log_PFHxS","ols_cov","idw_airport_10km",-0.049974614129123,0.0382727682768605,-1.3057486139391,0.192181969630977,627,""
"log_6:2 FTS","ols_cov","idw_airport_10km",-2.80761827801885,1.93019959745556,-1.45457406670271,0.21947283664225,24,""
"log_PFOA","ols_cov","idw_airport_10km",0.0262866414556387,0.030788046459248,0.853793743959447,0.393574206477105,651,""
"log_PFHxA","ols_cov","idw_airport_10km",0.024187829615941,0.0340117707188768,0.711160551323973,0.47723830655917,732,""
"log_PFBS","ols_cov","idw_airport_10km",0.0250923909365588,0.0402603042445878,0.623253882636317,0.533304439154248,837,""
"log_PFHpA","ols_cov","idw_airport_10km",-0.03438127384736,0.0559406519260156,-0.614602666640907,0.539701211360721,221,""
"log_PFNA","ols_cov","idw_airport_10km",-0.614647384090225,2.59709245037928,-0.236667502537487,0.8281542111551,17,""
"log_PFOS","zcta_fe","idw_airport_10km",5.10617751213621,2.11263235282635,2.41697402073058,0.0160804788340094,841,"**"
"log_PFPeS","zcta_fe","idw_airport_10km",15.2506376802874,0.58673083788982,25.9925619985074,0.0244803092627602,16,"**"
"log_PFPeA","zcta_fe","idw_airport_10km",-0.94259988595804,0.699701851750012,-1.34714504985305,0.178620638955888,921,""
"log_PFHxS","zcta_fe","idw_airport_10km",2.89963113297,2.90385285146343,0.998546166521042,0.318728909275856,676,""
"log_PFHxA","zcta_fe","idw_airport_10km",-0.605462012161078,0.630266357084208,-0.960644662936028,0.337343321082798,790,""
"log_PFOA","zcta_fe","idw_airport_10km",1.42792456049393,1.6656568512957,0.857274149464317,0.391938989218339,696,""
"log_6:2 FTS","zcta_fe","idw_airport_10km",17.7274846731129,29.8925301992997,0.593040621015353,0.578959233146479,24,""
"log_PFBA","zcta_fe","idw_airport_10km",0.303077287200757,0.770866798266528,0.39316427673665,0.694479269898227,567,""
"log_PFNA","zcta_fe","idw_airport_10km",-0.172518853538767,0.959395834701007,-0.179820307008663,0.868753883839482,19,""
"log_PFHpA","zcta_fe","idw_airport_10km",-0.36527929866301,2.86454160462145,-0.127517540004898,0.898797522556591,238,""
"log_PFBS","zcta_fe","idw_airport_10km",-0.151175442374649,1.90441248863497,-0.0793816692952937,0.936764180229902,912,""
"log_PFBA","ols_cov","idw_airport_pre2002_10km",0.578309565015364,0.0778700980053852,7.42659351700534,5.23698967290701e-13,546,"***"
"log_PFBS","ols_cov","idw_airport_pre2002_10km",0.323190389613805,0.11195851317978,2.88669776361566,0.00400335626372031,837,"***"
"log_PFOS","ols_cov","idw_airport_pre2002_10km",0.207159397336244,0.108123670121928,1.91594862718437,0.0557746326504635,781,"*"
"log_PFOA","ols_cov","idw_airport_pre2002_10km",0.139630334748529,0.0773636287850851,1.80485761773687,0.0716190855151735,651,"*"
"log_PFPeS","ols_cov","idw_airport_pre2002_10km",97.3452996380251,17.9591829923488,5.42036348087202,0.116143694305011,15,""
"log_PFPeA","ols_cov","idw_airport_pre2002_10km",0.125775828073423,0.0842139797461717,1.49352670960952,0.135704795454417,854,""
"log_6:2 FTS","ols_cov","idw_airport_pre2002_10km",-83.9927826840123,57.7439022231511,-1.4545740667027,0.21947283664225,24,""
"log_PFHxA","ols_cov","idw_airport_pre2002_10km",0.0947447315690747,0.0929997045502849,1.01876379099512,0.308691835248597,732,""
"log_PFNA","ols_cov","idw_airport_pre2002_10km",-0.641411813514762,2.71018118938052,-0.236667502537486,0.8281542111551,17,""
"log_PFHpA","ols_cov","idw_airport_pre2002_10km",0.0238103115099893,0.189768353799702,0.125470401324769,0.90031066301866,221,""
"log_PFHxS","ols_cov","idw_airport_pre2002_10km",-0.00377503052397754,0.0987600045990389,-0.0382242846110021,0.969522678418419,627,""
"log_PFOS","zcta_fe","idw_airport_pre2002_10km",11.782597012124,3.80920737839757,3.09318864573884,0.00211400050087067,841,"***"
"log_PFPeS","zcta_fe","idw_airport_pre2002_10km",94968.7742993476,3653.69040145437,25.9925620029395,0.0244803092585901,16,"**"
"log_PFHxS","zcta_fe","idw_airport_pre2002_10km",7.85622472592241,4.81519364059398,1.63154907409981,0.103705842108198,676,""
"log_PFPeA","zcta_fe","idw_airport_pre2002_10km",-2.04805064011597,1.35101895895244,-1.5159303476422,0.130248559763454,921,""
"log_PFOA","zcta_fe","idw_airport_pre2002_10km",3.6312099710004,3.25997020167222,1.11387827077001,0.266172608299994,696,""
"log_PFHxA","zcta_fe","idw_airport_pre2002_10km",-1.30440445268744,1.21430260735099,-1.0742004874164,0.283416251987576,790,""
"log_PFHpA","zcta_fe","idw_airport_pre2002_10km",-5.4214443319018,7.46068431248486,-0.726668507180962,0.469197246998852,238,""
"log_6:2 FTS","zcta_fe","idw_airport_pre2002_10km",19174.0202469606,32331.7148396045,0.593040621015053,0.578959233146665,24,""
"log_PFBA","zcta_fe","idw_airport_pre2002_10km",0.604581214723937,1.43748757941367,0.420581870328603,0.674363563528436,567,""
"log_PFNA","zcta_fe","idw_airport_pre2002_10km",-5.56609005168912,30.9536233381082,-0.179820307008663,0.868753883839482,19,""
"log_PFBS","zcta_fe","idw_airport_pre2002_10km",-0.657579996517778,4.01212068068881,-0.163898359210093,0.869884419773445,912,""
"log_PFPeS","ols_cov","idw_tierweighted_10km",0.0982093459493374,0.0181185904406213,5.42036348087846,0.116143694304876,15,""
"log_PFOS","ols_cov","idw_tierweighted_10km",0.0200774853166379,0.0154684820714096,1.29796092622088,0.194724042734576,781,""
"log_6:2 FTS","ols_cov","idw_tierweighted_10km",2.04010598248745,1.40254527369105,1.45457406670271,0.21947283664225,24,""
"log_PFBS","ols_cov","idw_tierweighted_10km",-0.0204805992837769,0.017041963464284,-1.20177462689082,0.229824706564451,837,""
"log_PFHxS","ols_cov","idw_tierweighted_10km",-0.0164528390063795,0.0163481101653819,-1.00640617416559,0.314661175993072,627,""
"log_PFHpA","ols_cov","idw_tierweighted_10km",0.0185385738807386,0.0237007669418213,0.782192995114699,0.435271815825071,221,""
"log_PFBA","ols_cov","idw_tierweighted_10km",-0.0133985505015295,0.0219983703914048,-0.609070138521012,0.542770365249745,546,""
"log_PFPeA","ols_cov","idw_tierweighted_10km",0.00434196592970695,0.0146965151575258,0.295441870618118,0.767735181143731,854,""
"log_PFNA","ols_cov","idw_tierweighted_10km",0.301747337953768,1.27498424886608,0.236667502537487,0.8281542111551,17,""
"log_PFHxA","ols_cov","idw_tierweighted_10km",0.000770654704665673,0.014278556353363,0.053972872718618,0.956973259745486,732,""
"log_PFOA","ols_cov","idw_tierweighted_10km",-0.000358364002719778,0.0122253958551334,-0.0293130796717148,0.976625048703136,651,""
"log_PFOS","zcta_fe","idw_tierweighted_10km",0.337070352227823,0.135605034827768,2.4856772660096,0.0133232534372433,841,"**"
"log_PFPeS","zcta_fe","idw_tierweighted_10km",1.3863224541714,0.0533353524077683,25.9925619985119,0.024480309262756,16,"**"
"log_PFOA","zcta_fe","idw_tierweighted_10km",0.205153314593398,0.143568761636304,1.42895510315192,0.153998675100912,696,""
"log_PFHxS","zcta_fe","idw_tierweighted_10km",0.345770690797414,0.271516465694094,1.27347963930474,0.20372297019045,676,""
"log_PFPeA","zcta_fe","idw_tierweighted_10km",-0.182296733948479,0.170503576049496,-1.06916663082514,0.285575502254285,921,""
"log_PFHxA","zcta_fe","idw_tierweighted_10km",-0.11335034728707,0.141489466038284,-0.801122164503755,0.423562867212409,790,""
"log_PFHpA","zcta_fe","idw_tierweighted_10km",-0.583158317964129,0.867837248166018,-0.67196737544569,0.503218443668638,238,""
"log_6:2 FTS","zcta_fe","idw_tierweighted_10km",-16.0862433107448,27.1250277648826,-0.593040621015359,0.578959233146476,24,""
"log_PFBS","zcta_fe","idw_tierweighted_10km",-0.0255976849699223,0.151957260209384,-0.16845318831526,0.866302118520164,912,""
"log_PFNA","zcta_fe","idw_tierweighted_10km",-0.0292394876745412,0.162603924778821,-0.179820307008663,0.868753883839481,19,""
"log_PFBA","zcta_fe","idw_tierweighted_10km",-0.00871255033441654,0.194325003624711,-0.0448349423486573,0.964268901563925,567,""
"log_PFPeS","ols_cov","idw_tierweighted_pre2002_10km",0.569748743968779,0.105112645301129,5.42036348087855,0.116143694304874,15,""
"log_PFHpA","ols_cov","idw_tierweighted_pre2002_10km",0.0377027788448142,0.0270217920531672,1.39527307332657,0.164891558627473,221,""
"log_PFHxS","ols_cov","idw_tierweighted_pre2002_10km",-0.0226058722406198,0.0178491505545343,-1.26649568961573,0.205869831509333,627,""
"log_6:2 FTS","ols_cov","idw_tierweighted_pre2002_10km",2.06094006224528,1.41686842177594,1.45457406670271,0.21947283664225,24,""
"log_PFOS","ols_cov","idw_tierweighted_pre2002_10km",0.015385695754404,0.0165632053108508,0.928908110818657,0.35325373930066,781,""
"log_PFBS","ols_cov","idw_tierweighted_pre2002_10km",-0.0179991523543888,0.0201458732971203,-0.893441157349163,0.371903420627273,837,""
"log_PFOA","ols_cov","idw_tierweighted_pre2002_10km",0.00361098535137735,0.0135094028844971,0.267294223308804,0.789338310261964,651,""
"log_PFPeA","ols_cov","idw_tierweighted_pre2002_10km",-0.00429737347517482,0.0165270315720219,-0.260020891014072,0.794916455559188,854,""
"log_PFNA","ols_cov","idw_tierweighted_pre2002_10km",0.42532780274239,1.79715338262387,0.236667502537489,0.828154211155099,17,""
"log_PFBA","ols_cov","idw_tierweighted_pre2002_10km",-0.00284100880480991,0.0243093585684408,-0.11686893328803,0.907013522298543,546,""
"log_PFHxA","ols_cov","idw_tierweighted_pre2002_10km",-0.000375825295508835,0.0162524620287301,-0.0231242069567351,0.981558249944872,732,""
"log_PFPeS","zcta_fe","idw_tierweighted_pre2002_10km",1.73137893456895,0.0666105532293442,25.9925619985125,0.0244803092627554,16,"**"
"log_PFOA","zcta_fe","idw_tierweighted_pre2002_10km",-0.573178627227902,0.37104096757174,-1.54478528605357,0.123392755615719,696,""
"log_PFHxS","zcta_fe","idw_tierweighted_pre2002_10km",-0.608535710409876,0.543761327549688,-1.11912282021246,0.263882420115263,676,""
"log_PFPeA","zcta_fe","idw_tierweighted_pre2002_10km",-0.182932593927213,0.265738168941088,-0.688394123644946,0.491564134007544,921,""
"log_PFOS","zcta_fe","idw_tierweighted_pre2002_10km",-0.15458404562004,0.256680772301073,-0.602242404969552,0.54734169319655,841,""
"log_6:2 FTS","zcta_fe","idw_tierweighted_pre2002_10km",17.1638770792448,28.9421609094114,0.593040621015395,0.578959233146453,24,""
"log_PFNA","zcta_fe","idw_tierweighted_pre2002_10km",-0.0290742815484151,0.161685195805023,-0.179820307008663,0.868753883839481,19,""
"log_PFHxA","zcta_fe","idw_tierweighted_pre2002_10km",-0.0221034111149988,0.220014831818103,-0.100463277554273,0.920029657413152,790,""
"log_PFBS","zcta_fe","idw_tierweighted_pre2002_10km",-0.023270138585843,0.291305340708471,-0.0798822930237007,0.936366227710856,912,""
"log_PFBA","zcta_fe","idw_tierweighted_pre2002_10km",0.0118418916889896,0.28126299669286,0.0421025582043448,0.966445135909494,567,""
"log_PFHpA","zcta_fe","idw_tierweighted_pre2002_10km",-0.0133541788692574,0.675881009542954,-0.0197581803316058,0.984277286491494,238,""
