"compound","exposure","spec","margin","estimate","p.value","nobs","detect_rate","sig"
"PFHxS","airport_10km","raw","detect_LPM",0.0157822223396167,0.349893180264853,2032,0.333661417322835,""
"PFHxS","airport_10km","raw","tobit_censored",0.00218830932441249,0.962413752837525,2032,0.333661417322835,""
"PFHxS","airport_10km","raw","intensive_detects",-0.0649144278409177,0.0448157919762816,678,0.333661417322835,"**"
"PFHxS","airport_10km","cov","detect_LPM",0.0344087816414339,0.059831864694293,1894,0.333661417322835,"*"
"PFHxS","airport_10km","cov","tobit_censored",0.0492552207349905,0.315926534488637,1894,0.333661417322835,""
"PFHxS","airport_10km","cov","intensive_detects",-0.0485630639631508,0.203594622861311,629,0.333661417322835,""
"PFHxS","airport_25km","raw","detect_LPM",-0.00676455291839132,0.352157917071254,2032,0.333661417322835,""
"PFHxS","airport_25km","raw","tobit_censored",-0.0391753778242659,0.0562695008992843,2032,0.333661417322835,"*"
"PFHxS","airport_25km","raw","intensive_detects",-0.0425532085180909,0.00505105664306767,678,0.333661417322835,"***"
"PFHxS","airport_25km","cov","detect_LPM",0.00695458376198497,0.400253072928139,1894,0.333661417322835,""
"PFHxS","airport_25km","cov","tobit_censored",-0.00293698495532995,0.897957993694606,1894,0.333661417322835,""
"PFHxS","airport_25km","cov","intensive_detects",-0.0347439749996168,0.0696324401342623,629,0.333661417322835,"*"
"PFHxS","milfire_10km","raw","detect_LPM",0.218359396800869,2.04939543583777e-09,2032,0.333661417322835,"***"
"PFHxS","milfire_10km","raw","tobit_censored",0.538382461510397,3.97950753590032e-08,2032,0.333661417322835,"***"
"PFHxS","milfire_10km","raw","intensive_detects",0.0233000513354887,0.74164693270127,678,0.333661417322835,""
"PFHxS","milfire_10km","cov","detect_LPM",0.150542391051923,0.00124723468941789,1894,0.333661417322835,"***"
"PFHxS","milfire_10km","cov","tobit_censored",0.338881013419456,0.00687736160627119,1894,0.333661417322835,"***"
"PFHxS","milfire_10km","cov","intensive_detects",-0.163638760167479,0.139725698824239,629,0.333661417322835,""
"PFHxS","milfire_25km","raw","detect_LPM",0.0801195212997465,5.66420838483207e-08,2032,0.333661417322835,"***"
"PFHxS","milfire_25km","raw","tobit_censored",0.178556536644906,1.0277717564182e-05,2032,0.333661417322835,"***"
"PFHxS","milfire_25km","raw","intensive_detects",-0.0348604939241791,0.2281922584091,678,0.333661417322835,""
"PFHxS","milfire_25km","cov","detect_LPM",0.067680424999945,0.000562032174563996,1894,0.333661417322835,"***"
"PFHxS","milfire_25km","cov","tobit_censored",0.136064123976164,0.010992952178345,1894,0.333661417322835,"**"
"PFHxS","milfire_25km","cov","intensive_detects",-0.105729058462307,0.0201054807757388,629,0.333661417322835,"**"
"PFHxS","milsusp_10km","raw","detect_LPM",0.510435165515689,3.81139990750397e-20,2032,0.333661417322835,"***"
"PFHxS","milsusp_10km","raw","tobit_censored",1.09390584179477,7.52968728204657e-15,2032,0.333661417322835,"***"
"PFHxS","milsusp_10km","raw","intensive_detects",0.0338798398401018,0.698010473931701,678,0.333661417322835,""
"PFHxS","milsusp_10km","cov","detect_LPM",0.538570603189098,1.89363624422195e-15,1894,0.333661417322835,"***"
"PFHxS","milsusp_10km","cov","tobit_censored",1.16317454942063,5.50695809126175e-11,1894,0.333661417322835,"***"
"PFHxS","milsusp_10km","cov","intensive_detects",-0.0571969057461227,0.683151251840725,629,0.333661417322835,""
"PFHxS","milsusp_25km","raw","detect_LPM",0.258012279203117,3.07253212123926e-17,2032,0.333661417322835,"***"
"PFHxS","milsusp_25km","raw","tobit_censored",0.549527989799048,8.6136708576798e-12,2032,0.333661417322835,"***"
"PFHxS","milsusp_25km","raw","intensive_detects",-0.0415878411115947,0.42211118313046,678,0.333661417322835,""
"PFHxS","milsusp_25km","cov","detect_LPM",0.266891205774771,7.13259523186642e-13,1894,0.333661417322835,"***"
"PFHxS","milsusp_25km","cov","tobit_censored",0.568309896480371,9.67915092381011e-09,1894,0.333661417322835,"***"
"PFHxS","milsusp_25km","cov","intensive_detects",-0.0922955955737997,0.239665395089918,629,0.333661417322835,""
"PFHxS","milbase_10km","raw","detect_LPM",0.140491288486203,1.38444291328929e-09,2032,0.333661417322835,"***"
"PFHxS","milbase_10km","raw","tobit_censored",0.352370603771132,7.7962497182863e-09,2032,0.333661417322835,"***"
"PFHxS","milbase_10km","raw","intensive_detects",0.0475704654464051,0.242507987266502,678,0.333661417322835,""
"PFHxS","milbase_10km","cov","detect_LPM",0.126678401358573,9.7995676790336e-06,1894,0.333661417322835,"***"
"PFHxS","milbase_10km","cov","tobit_censored",0.26829971470034,0.0003762711546488,1894,0.333661417322835,"***"
"PFHxS","milbase_10km","cov","intensive_detects",-0.0132215165130116,0.822210173358526,629,0.333661417322835,""
"PFHxS","milbase_25km","raw","detect_LPM",0.0353320617352516,0.000660266386282798,2032,0.333661417322835,"***"
"PFHxS","milbase_25km","raw","tobit_censored",0.0842329036232156,0.00264810958475814,2032,0.333661417322835,"***"
"PFHxS","milbase_25km","raw","intensive_detects",-0.00116031643621724,0.951301684044842,678,0.333661417322835,""
"PFHxS","milbase_25km","cov","detect_LPM",0.0282411868289393,0.0300598190729173,1894,0.333661417322835,"**"
"PFHxS","milbase_25km","cov","tobit_censored",0.0415443557270376,0.231144947804311,1894,0.333661417322835,""
"PFHxS","milbase_25km","cov","intensive_detects",-0.0320338717703273,0.227000952627288,629,0.333661417322835,""
"PFHxS","all_combined_10km","raw","detect_LPM",0.0739375697539326,6.38250674842809e-09,2032,0.333661417322835,"***"
"PFHxS","all_combined_10km","raw","tobit_censored",0.171145582742355,6.83055769448554e-07,2032,0.333661417322835,"***"
"PFHxS","all_combined_10km","raw","intensive_detects",-0.0102735469998146,0.664481956251689,678,0.333661417322835,""
"PFHxS","all_combined_10km","cov","detect_LPM",0.0713861203447857,1.1972042290003e-06,1894,0.333661417322835,"***"
"PFHxS","all_combined_10km","cov","tobit_censored",0.146476377378396,0.000179967918206216,1894,0.333661417322835,"***"
"PFHxS","all_combined_10km","cov","intensive_detects",-0.0300564595240522,0.322362380876833,629,0.333661417322835,""
"PFHxS","all_combined_25km","raw","detect_LPM",0.0214604698382034,0.00104451875201273,2032,0.333661417322835,"***"
"PFHxS","all_combined_25km","raw","tobit_censored",0.043681818195772,0.016632452776587,2032,0.333661417322835,"**"
"PFHxS","all_combined_25km","raw","intensive_detects",-0.0204504798748701,0.120241779021461,678,0.333661417322835,""
"PFHxS","all_combined_25km","cov","detect_LPM",0.0247176105851006,0.00132584327717838,1894,0.333661417322835,"***"
"PFHxS","all_combined_25km","cov","tobit_censored",0.0435919916094392,0.038925359714866,1894,0.333661417322835,"**"
"PFHxS","all_combined_25km","cov","intensive_detects",-0.0302084845081812,0.0759718963512234,629,0.333661417322835,"*"
"PFOS","airport_10km","raw","detect_LPM",0.0165430006506225,0.348542864591556,2032,0.415846456692913,""
"PFOS","airport_10km","raw","tobit_censored",0.131620629058966,0.0053427241494634,2032,0.415846456692913,"***"
"PFOS","airport_10km","raw","intensive_detects",0.146377095280069,4.73600481055226e-06,845,0.415846456692913,"***"
"PFOS","airport_10km","cov","detect_LPM",0.0671974939350841,0.00048288620435204,1894,0.415846456692913,"***"
"PFOS","airport_10km","cov","tobit_censored",0.202378645662192,7.66575518625689e-05,1894,0.415846456692913,"***"
"PFOS","airport_10km","cov","intensive_detects",0.084708288604218,0.0214065816268382,785,0.415846456692913,"**"
"PFOS","airport_25km","raw","detect_LPM",0.00612635648941963,0.420176236994283,2032,0.415846456692913,""
"PFOS","airport_25km","raw","tobit_censored",0.0592263407429352,0.0043033255972383,2032,0.415846456692913,"***"
"PFOS","airport_25km","raw","intensive_detects",0.0766218199671839,1.63326664618973e-07,845,0.415846456692913,"***"
"PFOS","airport_25km","cov","detect_LPM",0.0388682264242999,7.79951750890711e-06,1894,0.415846456692913,"***"
"PFOS","airport_25km","cov","tobit_censored",0.116923581463857,6.92577414852228e-07,1894,0.415846456692913,"***"
"PFOS","airport_25km","cov","intensive_detects",0.0453951979773644,0.0118441365019561,785,0.415846456692913,"**"
"PFOS","milfire_10km","raw","detect_LPM",0.14493749692289,0.000146998935869878,2032,0.415846456692913,"***"
"PFOS","milfire_10km","raw","tobit_censored",0.387347450471357,0.00017724948366681,2032,0.415846456692913,"***"
"PFOS","milfire_10km","raw","intensive_detects",0.0557994398346628,0.446575410827369,845,0.415846456692913,""
"PFOS","milfire_10km","cov","detect_LPM",0.220906125187427,6.84709636249245e-06,1894,0.415846456692913,"***"
"PFOS","milfire_10km","cov","tobit_censored",0.545063203478192,3.15767678244209e-05,1894,0.415846456692913,"***"
"PFOS","milfire_10km","cov","intensive_detects",-0.0774042614411208,0.433021963838163,785,0.415846456692913,""
"PFOS","milfire_25km","raw","detect_LPM",0.0795733716000508,2.51321522033937e-07,2032,0.415846456692913,"***"
"PFOS","milfire_25km","raw","tobit_censored",0.217275449828048,1.79899772602751e-07,2032,0.415846456692913,"***"
"PFOS","milfire_25km","raw","intensive_detects",0.0408020011302553,0.1585682466429,845,0.415846456692913,""
"PFOS","milfire_25km","cov","detect_LPM",0.129037346179353,3.83311300548863e-10,1894,0.415846456692913,"***"
"PFOS","milfire_25km","cov","tobit_censored",0.331215650630661,1.99187850560622e-09,1894,0.415846456692913,"***"
"PFOS","milfire_25km","cov","intensive_detects",-0.00822382099482481,0.837937233569051,785,0.415846456692913,""
"PFOS","milsusp_10km","raw","detect_LPM",0.248328070791231,2.19507917822301e-05,2032,0.415846456692913,"***"
"PFOS","milsusp_10km","raw","tobit_censored",0.985827457399772,9.31378965091711e-11,2032,0.415846456692913,"***"
"PFOS","milsusp_10km","raw","intensive_detects",0.678784219837793,2.445874272129e-10,845,0.415846456692913,"***"
"PFOS","milsusp_10km","cov","detect_LPM",0.356113143322744,7.1176413514659e-07,1894,0.415846456692913,"***"
"PFOS","milsusp_10km","cov","tobit_censored",1.31787930794866,1.16462899673522e-12,1894,0.415846456692913,"***"
"PFOS","milsusp_10km","cov","intensive_detects",0.639771190421534,1.53106820070071e-06,785,0.415846456692913,"***"
"PFOS","milsusp_25km","raw","detect_LPM",0.175298662504453,4.74697181225546e-08,2032,0.415846456692913,"***"
"PFOS","milsusp_25km","raw","tobit_censored",0.63861720947163,3.51116847822776e-14,2032,0.415846456692913,"***"
"PFOS","milsusp_25km","raw","intensive_detects",0.371181348437411,2.53055261071601e-10,845,0.415846456692913,"***"
"PFOS","milsusp_25km","cov","detect_LPM",0.24649279855682,3.47148168821092e-10,1894,0.415846456692913,"***"
"PFOS","milsusp_25km","cov","tobit_censored",0.848977160030137,1.31449596745293e-16,1894,0.415846456692913,"***"
"PFOS","milsusp_25km","cov","intensive_detects",0.348107437192355,4.23478493632876e-06,785,0.415846456692913,"***"
"PFOS","milbase_10km","raw","detect_LPM",0.0711306641346948,0.00345749573563176,2032,0.415846456692913,"***"
"PFOS","milbase_10km","raw","tobit_censored",0.287523965253233,8.31747035315635e-06,2032,0.415846456692913,"***"
"PFOS","milbase_10km","raw","intensive_detects",0.18668360355376,1.84416123588927e-05,845,0.415846456692913,"***"
"PFOS","milbase_10km","cov","detect_LPM",0.131256647216125,1.39460755213727e-05,1894,0.415846456692913,"***"
"PFOS","milbase_10km","cov","tobit_censored",0.449025793719292,1.21798268901822e-08,1894,0.415846456692913,"***"
"PFOS","milbase_10km","cov","intensive_detects",0.20181565087098,0.000319721668916079,785,0.415846456692913,"***"
"PFOS","milbase_25km","raw","detect_LPM",0.0258145843630746,0.0173740880860489,2032,0.415846456692913,"**"
"PFOS","milbase_25km","raw","tobit_censored",0.104779426273278,0.000289633549687389,2032,0.415846456692913,"***"
"PFOS","milbase_25km","raw","intensive_detects",0.0657818562513662,0.000558013967380548,845,0.415846456692913,"***"
"PFOS","milbase_25km","cov","detect_LPM",0.0628071732493857,4.51920930806999e-06,1894,0.415846456692913,"***"
"PFOS","milbase_25km","cov","tobit_censored",0.191497142545446,9.54091939581863e-08,1894,0.415846456692913,"***"
"PFOS","milbase_25km","cov","intensive_detects",0.0559154725133193,0.0283634478597707,785,0.415846456692913,"**"
"PFOS","all_combined_10km","raw","detect_LPM",0.0354945957832322,0.00786099176748164,2032,0.415846456692913,"***"
"PFOS","all_combined_10km","raw","tobit_censored",0.166248508754169,3.07422636885862e-06,2032,0.415846456692913,"***"
"PFOS","all_combined_10km","raw","intensive_detects",0.128630892045719,9.17483218127834e-08,845,0.415846456692913,"***"
"PFOS","all_combined_10km","cov","detect_LPM",0.0828070913438831,8.98057901253892e-08,1894,0.415846456692913,"***"
"PFOS","all_combined_10km","cov","tobit_censored",0.254714579853438,4.12856977183947e-10,1894,0.415846456692913,"***"
"PFOS","all_combined_10km","cov","intensive_detects",0.0900733498233123,0.00185303644280824,785,0.415846456692913,"***"
"PFOS","all_combined_25km","raw","detect_LPM",0.0149392621898678,0.0291362622888344,2032,0.415846456692913,"**"
"PFOS","all_combined_25km","raw","tobit_censored",0.0786620225385127,2.32440791441075e-05,2032,0.415846456692913,"***"
"PFOS","all_combined_25km","raw","intensive_detects",0.0702898734616476,4.90950435730902e-08,845,0.415846456692913,"***"
"PFOS","all_combined_25km","cov","detect_LPM",0.0474625572972267,4.46476382466221e-09,1894,0.415846456692913,"***"
"PFOS","all_combined_25km","cov","tobit_censored",0.143489559745179,4.07363619038367e-11,1894,0.415846456692913,"***"
"PFOS","all_combined_25km","cov","intensive_detects",0.0461356282120381,0.00438313419856997,785,0.415846456692913,"***"
"PFOA","airport_10km","raw","detect_LPM",0.00865666127406732,0.610939731610075,2032,0.344488188976378,""
"PFOA","airport_10km","raw","tobit_censored",0.0245979672024166,0.521798882882217,2032,0.344488188976378,""
"PFOA","airport_10km","raw","intensive_detects",0.0122589927958635,0.646062232603944,700,0.344488188976378,""
"PFOA","airport_10km","cov","detect_LPM",0.0160025124439744,0.38626723334542,1894,0.344488188976378,""
"PFOA","airport_10km","cov","tobit_censored",0.0398291882883794,0.330332630792993,1894,0.344488188976378,""
"PFOA","airport_10km","cov","intensive_detects",0.0280209968109589,0.360090511500367,655,0.344488188976378,""
"PFOA","airport_25km","raw","detect_LPM",0.0168759838734574,0.0211977827247143,2032,0.344488188976378,"**"
"PFOA","airport_25km","raw","tobit_censored",0.0377786786088313,0.0241002320762871,2032,0.344488188976378,"**"
"PFOA","airport_25km","raw","intensive_detects",0.00359719829894615,0.769064246098143,700,0.344488188976378,""
"PFOA","airport_25km","cov","detect_LPM",0.0229691755129314,0.00589308719931199,1894,0.344488188976378,"***"
"PFOA","airport_25km","cov","tobit_censored",0.0480089900744361,0.0103486602013677,1894,0.344488188976378,"**"
"PFOA","airport_25km","cov","intensive_detects",0.00718894494351996,0.629189858763682,655,0.344488188976378,""
"PFOA","milfire_10km","raw","detect_LPM",0.0963607625874109,0.00891777184437003,2032,0.344488188976378,"***"
"PFOA","milfire_10km","raw","tobit_censored",0.163007975782054,0.0498589367494473,2032,0.344488188976378,"**"
"PFOA","milfire_10km","raw","intensive_detects",-0.0727876282661719,0.217498024943189,700,0.344488188976378,""
"PFOA","milfire_10km","cov","detect_LPM",0.0999635158677292,0.0339445108213566,1894,0.344488188976378,"**"
"PFOA","milfire_10km","cov","tobit_censored",0.136197199297423,0.190058169448936,1894,0.344488188976378,""
"PFOA","milfire_10km","cov","intensive_detects",-0.14175559695801,0.0746254343211899,655,0.344488188976378,"*"
"PFOA","milfire_25km","raw","detect_LPM",0.0897035892545261,1.57384051298361e-09,2032,0.344488188976378,"***"
"PFOA","milfire_25km","raw","tobit_censored",0.167030532838936,7.09257618369216e-07,2032,0.344488188976378,"***"
"PFOA","milfire_25km","raw","intensive_detects",-0.0394507077775243,0.106751186411465,700,0.344488188976378,""
"PFOA","milfire_25km","cov","detect_LPM",0.0978622027557828,7.52064383818589e-07,1894,0.344488188976378,"***"
"PFOA","milfire_25km","cov","tobit_censored",0.16492611182721,0.000180932246272929,1894,0.344488188976378,"***"
"PFOA","milfire_25km","cov","intensive_detects",-0.0731574563343981,0.0340356213984393,655,0.344488188976378,"**"
"PFOA","milsusp_10km","raw","detect_LPM",0.0293174024890373,0.604078770587721,2032,0.344488188976378,""
"PFOA","milsusp_10km","raw","tobit_censored",0.182605151894499,0.162794754984734,2032,0.344488188976378,""
"PFOA","milsusp_10km","raw","intensive_detects",0.296993690470615,0.00534072773676641,700,0.344488188976378,"***"
"PFOA","milsusp_10km","cov","detect_LPM",0.0614749015352143,0.373079601425561,1894,0.344488188976378,""
"PFOA","milsusp_10km","cov","tobit_censored",0.277175121909695,0.0667028003811338,1894,0.344488188976378,"*"
"PFOA","milsusp_10km","cov","intensive_detects",0.303044904055927,0.0123023695553904,655,0.344488188976378,"**"
"PFOA","milsusp_25km","raw","detect_LPM",0.096646936805331,0.0018410191845878,2032,0.344488188976378,"***"
"PFOA","milsusp_25km","raw","tobit_censored",0.238989287497777,0.000724547167106254,2032,0.344488188976378,"***"
"PFOA","milsusp_25km","raw","intensive_detects",0.0715395587848647,0.193052003836875,700,0.344488188976378,""
"PFOA","milsusp_25km","cov","detect_LPM",0.120895819337383,0.00136925088774545,1894,0.344488188976378,"***"
"PFOA","milsusp_25km","cov","tobit_censored",0.305690577352323,0.00025014950578735,1894,0.344488188976378,"***"
"PFOA","milsusp_25km","cov","intensive_detects",0.097014302264142,0.147925762428479,655,0.344488188976378,""
"PFOA","milbase_10km","raw","detect_LPM",0.0562388401666158,0.0165382028275548,2032,0.344488188976378,"**"
"PFOA","milbase_10km","raw","tobit_censored",0.142413231186875,0.00720800254851532,2032,0.344488188976378,"***"
"PFOA","milbase_10km","raw","intensive_detects",0.0494746462205217,0.205285966506866,700,0.344488188976378,""
"PFOA","milbase_10km","cov","detect_LPM",0.0485572011433729,0.0940456046470385,1894,0.344488188976378,"*"
"PFOA","milbase_10km","cov","tobit_censored",0.138013217373959,0.0310704753549195,1894,0.344488188976378,"**"
"PFOA","milbase_10km","cov","intensive_detects",0.093732229427797,0.0678318731270077,655,0.344488188976378,"*"
"PFOA","milbase_25km","raw","detect_LPM",0.0653951438912724,3.47726230217636e-10,2032,0.344488188976378,"***"
"PFOA","milbase_25km","raw","tobit_censored",0.135377439930061,6.59096725927321e-09,2032,0.344488188976378,"***"
"PFOA","milbase_25km","raw","intensive_detects",0.00470530189745347,0.774003941653357,700,0.344488188976378,""
"PFOA","milbase_25km","cov","detect_LPM",0.0645047784535172,8.66842235886105e-07,1894,0.344488188976378,"***"
"PFOA","milbase_25km","cov","tobit_censored",0.134950028598783,2.81212472330128e-06,1894,0.344488188976378,"***"
"PFOA","milbase_25km","cov","intensive_detects",0.0129372316608525,0.564884498230614,655,0.344488188976378,""
"PFOA","all_combined_10km","raw","detect_LPM",0.020035423621666,0.119893061263151,2032,0.344488188976378,""
"PFOA","all_combined_10km","raw","tobit_censored",0.0549347644907117,0.0594722371045375,2032,0.344488188976378,"*"
"PFOA","all_combined_10km","raw","intensive_detects",0.0250178442590628,0.226503424813624,700,0.344488188976378,""
"PFOA","all_combined_10km","cov","detect_LPM",0.0234627246005433,0.115043993184569,1894,0.344488188976378,""
"PFOA","all_combined_10km","cov","tobit_censored",0.0648026888265427,0.0502011109363417,1894,0.344488188976378,"*"
"PFOA","all_combined_10km","cov","intensive_detects",0.0416122576377912,0.10075345320151,655,0.344488188976378,""
"PFOA","all_combined_25km","raw","detect_LPM",0.0241673968530578,0.00024794760555276,2032,0.344488188976378,"***"
"PFOA","all_combined_25km","raw","tobit_censored",0.0556813552489884,0.000234271093683108,2032,0.344488188976378,"***"
"PFOA","all_combined_25km","raw","intensive_detects",0.00830944232619971,0.453118081967621,700,0.344488188976378,""
"PFOA","all_combined_25km","cov","detect_LPM",0.0278261660085888,0.000343525762054173,1894,0.344488188976378,"***"
"PFOA","all_combined_25km","cov","tobit_censored",0.0648945294239633,0.000231275635236325,1894,0.344488188976378,"***"
"PFOA","all_combined_25km","cov","intensive_detects",0.0168542749700461,0.231596756964829,655,0.344488188976378,""
"PFBS","airport_10km","raw","detect_LPM",-0.0531738218442997,0.00281181751818764,2032,0.450787401574803,"***"
"PFBS","airport_10km","raw","tobit_censored",-0.159789069847564,0.000366248563989123,2032,0.450787401574803,"***"
"PFBS","airport_10km","raw","intensive_detects",-0.0688049755018892,0.0507117182718513,916,0.450787401574803,"*"
"PFBS","airport_10km","cov","detect_LPM",-0.0245624647007032,0.204228535168492,1894,0.450787401574803,""
"PFBS","airport_10km","cov","tobit_censored",-0.0733726163031094,0.123137337590281,1894,0.450787401574803,""
"PFBS","airport_10km","cov","intensive_detects",0.0263075787465733,0.511999574693249,841,0.450787401574803,""
"PFBS","airport_25km","raw","detect_LPM",-0.0265764854607052,0.000522853161505954,2032,0.450787401574803,"***"
"PFBS","airport_25km","raw","tobit_censored",-0.0842693367367229,1.55779582991547e-05,2032,0.450787401574803,"***"
"PFBS","airport_25km","raw","intensive_detects",-0.0434878055656347,0.00751421657452316,916,0.450787401574803,"***"
"PFBS","airport_25km","cov","detect_LPM",-0.00815526762177819,0.351119126754516,1894,0.450787401574803,""
"PFBS","airport_25km","cov","tobit_censored",-0.035480124300787,0.101295351786624,1894,0.450787401574803,""
"PFBS","airport_25km","cov","intensive_detects",0.00731578932504731,0.706842915704967,841,0.450787401574803,""
"PFBS","milfire_10km","raw","detect_LPM",-0.293095926769823,2.08648581442081e-14,2032,0.450787401574803,"***"
"PFBS","milfire_10km","raw","tobit_censored",-0.938527476725013,8.8390541033083e-17,2032,0.450787401574803,"***"
"PFBS","milfire_10km","raw","intensive_detects",-0.413483129798156,0.000173483994470766,916,0.450787401574803,"***"
"PFBS","milfire_10km","cov","detect_LPM",-0.260528593282688,1.20235668321134e-07,1894,0.450787401574803,"***"
"PFBS","milfire_10km","cov","tobit_censored",-0.825276892773411,2.78740186269749e-09,1894,0.450787401574803,"***"
"PFBS","milfire_10km","cov","intensive_detects",-0.377391402190161,0.0152425668270692,841,0.450787401574803,"**"
"PFBS","milfire_25km","raw","detect_LPM",-0.108338556510485,3.09624295614792e-12,2032,0.450787401574803,"***"
"PFBS","milfire_25km","raw","tobit_censored",-0.357016408181151,8.38949064201237e-17,2032,0.450787401574803,"***"
"PFBS","milfire_25km","raw","intensive_detects",-0.203885870186215,4.66514446783593e-07,916,0.450787401574803,"***"
"PFBS","milfire_25km","cov","detect_LPM",-0.110077891454195,1.06702795319208e-07,1894,0.450787401574803,"***"
"PFBS","milfire_25km","cov","tobit_censored",-0.352433075045272,9.26926906005096e-11,1894,0.450787401574803,"***"
"PFBS","milfire_25km","cov","intensive_detects",-0.214000673008071,0.000152373098202997,841,0.450787401574803,"***"
"PFBS","milsusp_10km","raw","detect_LPM",-0.107295400606408,0.069814961515013,2032,0.450787401574803,"*"
"PFBS","milsusp_10km","raw","tobit_censored",-0.326396156708994,0.0349311229311057,2032,0.450787401574803,"**"
"PFBS","milsusp_10km","raw","intensive_detects",-0.146543788350305,0.27588782661771,916,0.450787401574803,""
"PFBS","milsusp_10km","cov","detect_LPM",-0.11184299794563,0.121806587327787,1894,0.450787401574803,""
"PFBS","milsusp_10km","cov","tobit_censored",-0.287165168293015,0.113610011920548,1894,0.450787401574803,""
"PFBS","milsusp_10km","cov","intensive_detects",-0.0461742780059847,0.784332213786658,841,0.450787401574803,""
"PFBS","milsusp_25km","raw","detect_LPM",-0.0579770108788366,0.0745783641099875,2032,0.450787401574803,"*"
"PFBS","milsusp_25km","raw","tobit_censored",-0.194106350587587,0.0212451504352754,2032,0.450787401574803,"**"
"PFBS","milsusp_25km","raw","intensive_detects",-0.115662273941152,0.115123147039952,916,0.450787401574803,""
"PFBS","milsusp_25km","cov","detect_LPM",-0.0216358814677658,0.584999040133372,1894,0.450787401574803,""
"PFBS","milsusp_25km","cov","tobit_censored",-0.0654736111263422,0.510010935242667,1894,0.450787401574803,""
"PFBS","milsusp_25km","cov","intensive_detects",-0.0271434194249018,0.770725941291229,841,0.450787401574803,""
"PFBS","milbase_10km","raw","detect_LPM",-0.151544609268798,5.90268289691518e-10,2032,0.450787401574803,"***"
"PFBS","milbase_10km","raw","tobit_censored",-0.448093085582271,2.38370880603941e-11,2032,0.450787401574803,"***"
"PFBS","milbase_10km","raw","intensive_detects",-0.159985755973182,0.00732136549282479,916,0.450787401574803,"***"
"PFBS","milbase_10km","cov","detect_LPM",-0.110495546754545,0.000270060490570663,1894,0.450787401574803,"***"
"PFBS","milbase_10km","cov","tobit_censored",-0.314944366778697,7.64344216273211e-05,1894,0.450787401574803,"***"
"PFBS","milbase_10km","cov","intensive_detects",-0.0711610685466541,0.383929707015642,841,0.450787401574803,""
"PFBS","milbase_25km","raw","detect_LPM",-0.074418737558269,8.68448790718525e-12,2032,0.450787401574803,"***"
"PFBS","milbase_25km","raw","tobit_censored",-0.222440917737802,1.40955657487307e-14,2032,0.450787401574803,"***"
"PFBS","milbase_25km","raw","intensive_detects",-0.0920412913874899,0.000221630491183973,916,0.450787401574803,"***"
"PFBS","milbase_25km","cov","detect_LPM",-0.0505110295276761,0.000240683486559147,1894,0.450787401574803,"***"
"PFBS","milbase_25km","cov","tobit_censored",-0.150958878444288,2.15297334392502e-05,1894,0.450787401574803,"***"
"PFBS","milbase_25km","cov","intensive_detects",-0.0558707035863595,0.11598519074523,841,0.450787401574803,""
"PFBS","all_combined_10km","raw","detect_LPM",-0.0814576160386207,1.32512303267409e-09,2032,0.450787401574803,"***"
"PFBS","all_combined_10km","raw","tobit_censored",-0.228974537825934,3.73056839957692e-11,2032,0.450787401574803,"***"
"PFBS","all_combined_10km","raw","intensive_detects",-0.0792936905768641,0.00565982733658553,916,0.450787401574803,"***"
"PFBS","all_combined_10km","cov","detect_LPM",-0.0531411612395223,0.00064610819531165,1894,0.450787401574803,"***"
"PFBS","all_combined_10km","cov","tobit_censored",-0.138849516530862,0.000370806204142955,1894,0.450787401574803,"***"
"PFBS","all_combined_10km","cov","intensive_detects",0.0130850863560971,0.709243601563614,841,0.450787401574803,""
"PFBS","all_combined_25km","raw","detect_LPM",-0.0404712746203671,4.20904145220453e-09,2032,0.450787401574803,"***"
"PFBS","all_combined_25km","raw","tobit_censored",-0.119725036718993,1.01736683574048e-11,2032,0.450787401574803,"***"
"PFBS","all_combined_25km","raw","intensive_detects",-0.0523735493454662,0.000464668265343411,916,0.450787401574803,"***"
"PFBS","all_combined_25km","cov","detect_LPM",-0.0212167464258551,0.00922696770077424,1894,0.450787401574803,"***"
"PFBS","all_combined_25km","cov","tobit_censored",-0.0626248057833826,0.0020342488782928,1894,0.450787401574803,"***"
"PFBS","all_combined_25km","cov","intensive_detects",0.00237463440958318,0.900030203387188,841,0.450787401574803,""
