component,state,installation,n_fire_sites,lon,lat,matched_name,coord_source,match_score
Air Force,Alabama,MAXWELL,2,-86.36256,32.37912,MAXWELL,EWG_2019,100.0
Air Force,Alaska,CLEAR AIR FORCE STATION,1,-149.14892,64.30371,CLEAR AIR FORCE STATION,EWG_2019,100.0
Air Force,Alaska,EARECKSON AIR FORCE BASE,3,174.103616,52.720817,EARECKSON AIR FORCE BASE,EWG_2019,100.0
Air Force,Alaska,EIELSON AIR FORCE BASE,2,-147.06382,64.6431,EIELSON AIR FORCE BASE,EWG_2019,100.0
Air Force,Alaska,GALENA FOL,2,-156.95262,64.73703,GALENA FORWARD OPERATING LOCATION,EWG_2019,100.0
Air Force,Alaska,JBER-ELMENDORF,1,-149.81125,61.25364,JBER-ELMENDORF,EWG_2019,100.0
Air Force,Alaska,JBER-RICHARDSON,4,-149.81125,61.25364,JBER-ELMENDORF,EWG_2019,100.0
Air Force,Alaska,KING SALMON,4,-156.653998,58.678968,KING SALMON,EWG_2019,100.0
Air Force,Alaska,TED STEVENS INTERNATIONAL AIRPORT,1,-150.006825,61.192964,TED STEVENS INTERNATIONAL AIRPORT,EWG_2019,100.0
Air Force,Arizona,AFRL MESA,1,-111.671693,33.306559,AFRL MESA,EWG_2019,100.0
Air Force,Arizona,AIR FORCE PLANT 44,3,-110.95331,32.10794,AIR FORCE PLANT 44,EWG_2019,100.0
Air Force,Arizona,DAVIS-MONTHAN AIR FORCE BASE,3,-110.85926,32.16755,DAVIS-MONTHAN AIR FORCE BASE,EWG_2019,100.0
Air Force,Arizona,GOLDWATER RANGE,1,-113.473065,32.661936,GOLDWATER RANGE,EWG_2019,100.0
Air Force,Arizona,LUKE,3,-112.3755,33.54149,LUKE,EWG_2019,100.0
Air Force,Arizona,TUCSON INTERNATIONAL AIRPORT,1,-110.93923,32.11451,TUCSON INTERNATIONAL AIRPORT,EWG_2019,100.0
Air Force,Arizona,WILLIAMS AFB,3,-111.68128,33.310093,WILLIAMS AIR FORCE BASE,EWG_2019,100.0
Air Force,Arkansas,EAKER AFB,2,-89.94327,35.9646,EAKER AIR FORCE BASE,EWG_2019,100.0
Air Force,Arkansas,FT SMITH,1,-94.36351,35.33807,FT SMITH,EWG_2019,100.0
Air Force,Arkansas,LITTLE ROCK AIR FORCE BASE,1,-92.138028,34.906043,LITTLE ROCK AIR FORCE BASE,EWG_2019,100.0
Air Force,California,AF PLANT NO 42 - B,3,-118.084444,34.629444,AF PLANT NO 42 - B,EWG_2019,100.0
Air Force,California,BEALE,2,-121.35988,39.1115,BEALE,EWG_2019,100.0
Air Force,California,CASTLE AFB,5,-120.57791,37.36483,CASTLE AIR FORCE BASE,EWG_2019,100.0
Air Force,California,EDWARDS AIR FORCE BASE,2,-117.89121,34.92403,EDWARDS AIR FORCE BASE,EWG_2019,100.0
Air Force,California,FRESNO,1,-119.704219,36.768154,FRESNO,EWG_2019,100.0
Air Force,California,GEORGE AFB,6,-117.3714,34.58906,GEORGE AIR FORCE BASE,EWG_2019,100.0
Air Force,California,MARCH,4,-117.26173,33.89088,MARCH,EWG_2019,100.0
Air Force,California,MATHER AFB,5,-121.29721,38.56366,MATHER AIR FORCE BASE,EWG_2019,100.0
Air Force,California,MCCLELLAN AFB,2,-121.40051,38.66008,MCCLELLAN AIR FORCE BASE,EWG_2019,100.0
Air Force,California,NORTON AFB,2,-117.23487,34.09535,NORTON AIR FORCE BASE,EWG_2019,100.0
Air Force,California,ONIZUKA AS,1,-122.026778,37.407597,ONIZUKA AS,EWG_2019,100.0
Air Force,California,ONTARIO IAP AGS,1,-117.601389,34.055556,ONTARIO IAP AGS,EWG_2019,100.0
Air Force,California,TRAVIS AIR FORCE BASE,4,-121.92906,38.2684,TRAVIS AIR FORCE BASE,EWG_2019,100.0
Air Force,California,VANDENBERG,1,-120.57244,34.74203,VANDENBERG,EWG_2019,100.0
Air Force,Colorado,BUCKLEY AFB,4,-104.75363,39.7041,BUCKLEY AIR FORCE BASE,EWG_2019,100.0
Air Force,Colorado,BUCKLEY ANNEX,1,-104.749613,39.704856,BUCKLEY ANNEX,EWG_2019,100.0
Air Force,Colorado,LOWRY AFB,2,-104.89551,39.72089,LOWRY AIR FORCE BASE,EWG_2019,100.0
Air Force,Colorado,PETERSON AIR FORCE BASE,2,-104.70005,38.82386,PETERSON AIR FORCE BASE,EWG_2019,100.0
Air Force,Colorado,USAF ACADEMY,1,-104.86114,38.995613,USAF ACADEMY,EWG_2019,100.0
Air Force,Delaware,DOVER AIR FORCE BASE,3,-75.46843,39.12773,DOVER AIR FORCE BASE,EWG_2019,100.0
Air Force,Florida,AVON PARK AIR FORCE RANGE,1,-81.35093,27.65259,AVON PARK AIR FORCE RANGE DERA,EWG_2019,100.0
Air Force,Florida,CAPE CANAVERAL AIR FORCE STATION,2,-80.60771,28.39222,CAPE CANAVERAL AIR FORCE STATION,EWG_2019,100.0
Air Force,Florida,EGLIN,5,-86.55334,30.46356,EGLIN,EWG_2019,100.0
Air Force,Florida,HOMESTEAD,3,-80.40168,25.484316,HOMESTEAD,EWG_2019,100.0
Air Force,Florida,HURLBURT FIELD,1,-86.70304,30.41049,HURLBURT FIELD,EWG_2019,100.0
Air Force,Florida,JACKSONVILLE,1,-81.6806,30.2243,JACKSONVILLENAVAL AIR STATION,EWG_2019,100.0
Air Force,Florida,MACDILL,2,-82.503,27.85313,MACDILL,EWG_2019,100.0
Air Force,Florida,PATRICK AIR FORCE BASE,2,-80.60752,28.23946,PATRICK AIR FORCE BASE,EWG_2019,100.0
Air Force,Florida,TYNDALL,4,-85.60751,30.08001,TYNDALL,EWG_2019,100.0
Air Force,Georgia,DOBBINS AIR FORCE BASE,2,-84.50464,33.91886,DOBBINS AIR FORCE BASE,EWG_2019,100.0
Air Force,Georgia,MOODY AIR FORCE BASE,2,-83.19282,30.96776,MOODY AIR FORCE BASE,EWG_2019,100.0
Air Force,Georgia,ROBINS,4,-83.59172,32.64,ROBINS,EWG_2019,100.0
Air Force,Georgia,SAVANNAH INTERNATIONAL AIRPORT,2,-81.20307,32.128513,SAVANNAH INTERNATIONAL AIRPORT,EWG_2019,100.0
Air Force,Hawaii,WHEELER ARMY AIR FIELD,1,-158.03597,21.475435,WHEELER ARMY AIR FIELD,EWG_2019,100.0
Air Force,Idaho,BOISE,2,-116.228289,43.562864,BOISE,EWG_2019,100.0
Air Force,Idaho,MOUNTAIN HOME AIR FORCE BASE,6,-115.86198,43.04441,MOUNTAIN HOME AIR FORCE BASE,EWG_2019,100.0
Air Force,Illinois,ABRAHAM LINCOLN CAPITAL AP,1,-89.678279,39.84403,ABRAHAM LINCOLN CAPITAL AP,EWG_2019,100.0
Air Force,Illinois,CHANUTE AFB,13,-88.14385,40.28891,CHANUTE AIR FORCE BASE,EWG_2019,100.0
Air Force,Illinois,GREATER PEORIA AIRPORT,1,-89.69576,40.66517,GREATER PEORIA AIRPORT,EWG_2019,100.0
Air Force,Illinois,O'HARE IAP ARS,2,-87.903141,41.987025,O'HARE IAP ARS,EWG_2019,100.0
Air Force,Illinois,SCOTT AIR FORCE BASE,3,-89.853655,38.543844,SCOTT AIR FORCE BASE,EWG_2019,100.0
Air Force,Indiana,FORT WAYNE,1,-85.176026,40.988342,FORT WAYNE,EWG_2019,100.0
Air Force,Indiana,GRISSOM ARB,4,-86.146386838,40.6525515490001,Grissom ARB,MIRTA,100.0
Air Force,Iowa,DES MOINES,2,-93.6588,41.53413,DES MOINES,EWG_2019,100.0
Air Force,Johnston Atoll,JOHNSTON ATOLL,1,,,,,
Air Force,Kansas,FORBES,1,-95.682679,38.964581,FORBES,EWG_2019,100.0
Air Force,Kansas,MCCONNELL AIR FORCE BASE,4,-97.25898,37.628223,MCCONNELL AIR FORCE BASE,EWG_2019,100.0
Air Force,Kentucky,LOUISVILLE IAP,1,-85.724691,38.177088,LOUISVILLE IAP,EWG_2019,100.0
Air Force,Louisiana,BARKSDALE AIR FORCE BASE,3,-93.65714,32.50186,BARKSDALE AIR FORCE BASE,EWG_2019,100.0
Air Force,Louisiana,ENGLAND AFB,6,-92.53874,31.32833,ENGLAND AIR FORCE BASE,EWG_2019,100.0
Air Force,Maine,LORING AFB,2,-67.89209,46.94559,LORING AIR FORCE BASE,EWG_2019,100.0
Air Force,Maryland,JB-ANDREWS,4,-76.88363,38.79652,JB-ANDREWS,EWG_2019,100.0
Air Force,Maryland,MARTIN STATE AIRPORT,2,-76.419669,39.333295,MARTIN STATE AIRPORT,EWG_2019,100.0
Air Force,Massachusetts,BARNES MUNICIPAL AIRPORT,2,-72.71561,42.1584,BARNES MUNICIPAL AIRPORT,EWG_2019,100.0
Air Force,Massachusetts,HANSCOM,3,-71.27669,42.45723,HANSCOM,EWG_2019,100.0
Air Force,Massachusetts,JB-CAPE COD,3,-70.57009,41.67177,JB-CAPE COD,EWG_2019,100.0
Air Force,Massachusetts,WESTOVER,3,-72.54381,42.19911,WESTOVER,EWG_2019,100.0
Air Force,Michigan,ALPENA COUNTY REGIONAL AIRPORT,3,-83.56359,45.0722,ALPENA COUNTY REGIONAL AIRPORT,EWG_2019,100.0
Air Force,Michigan,K.I. SAWYER AFB,4,-87.38786,46.34232,K.I. SAWYER AIR FORCE BASE,EWG_2019,100.0
Air Force,Michigan,SELFRIDGE,3,-82.819348,42.60466,SELFRIDGE,EWG_2019,100.0
Air Force,Michigan,W K KELLOGG,2,-85.24888,42.31933,W K KELLOGG,EWG_2019,100.0
Air Force,Michigan,WURTSMITH AFB,3,-83.38028,44.4525,WURTSMITH AIR FORCE BASE,EWG_2019,100.0
Air Force,Minnesota,DULUTH INTERNATIONAL AIRPORT,2,-92.18001,46.83875,DULUTH INTERNATIONAL AIRPORT,EWG_2019,100.0
Air Force,Mississippi,COLUMBUS AIR FORCE BASE,4,-88.45008,33.64147,COLUMBUS AIR FORCE BASE,EWG_2019,100.0
Air Force,Mississippi,GULFPORT BILOXI REGIONAL AIRPORT,1,-89.00291,30.40589,GULFPORT BILOXI REGIONAL AIRPORT,EWG_2019,100.0
Air Force,Mississippi,JACKSON IAP (ALLEN C THOMPSON),1,-90.078858,32.322893,JACKSON IAP (ALLEN C THOMPSON),EWG_2019,100.0
Air Force,Mississippi,KEESLER,1,-88.92527,30.40942,KEESLER,EWG_2019,100.0
Air Force,Mississippi,KEY FIELD,4,-88.74515,32.33355,KEY FIELD,EWG_2019,100.0
Air Force,Missouri,RICHARDS-GEBAUR AFB,2,-94.54374,38.84182,RICHARDS-GEBAUR AIR FORCE BASE,EWG_2019,100.0
Air Force,Missouri,ROSECRANS MEM,2,-94.90159,39.76946,ROSECRANS MEM,EWG_2019,100.0
Air Force,Missouri,WHITEMAN AIR FORCE BASE,1,-93.56055,38.729,WHITEMAN AIR FORCE BASE,EWG_2019,100.0
Air Force,Montana,GREAT FALLS INTERNATIONAL AIRPORT,4,-111.35663,47.4825,GREAT FALLS INTERNATIONAL AIRPORT,EWG_2019,100.0
Air Force,Montana,MALMSTROM AIR FORCE BASE,1,-111.17906,47.50426,MALMSTROM AIR FORCE BASE,EWG_2019,100.0
Air Force,Nebraska,OFFUTT,3,-95.917138,41.118655,OFFUTT,EWG_2019,100.0
Air Force,Nevada,CREECH AIR FORCE BASE,1,-115.672257,36.588476,CREECH AIR FORCE BASE,EWG_2019,100.0
Air Force,Nevada,NELLIS AIR FORCE BASE,3,-115.032896,36.236633,NELLIS AIR FORCE BASE,EWG_2019,100.0
Air Force,Nevada,NELLIS RANGES ALL,8,-115.032896,36.236633,NELLIS RANGES ALL,EWG_2019,100.0
Air Force,Nevada,RENO TAHOE INTERNATIONAL AIRPORT,6,-119.7681,39.49959,RENO TAHOE INTERNATIONAL AIRPORT,EWG_2019,100.0
Air Force,Nevada,TONOPAH AIR FORCE STATION,1,-116.772509,37.797991,TONOPAH AIR FORCE STATION,EWG_2019,100.0
Air Force,New Hampshire,NEW BOSTON,1,-71.62845,42.94671,NEW BOSTON,EWG_2019,100.0
Air Force,New Hampshire,PEASE AFB,3,-70.81676,43.08953,PEASE AIR FORCE BASE,EWG_2019,100.0
Air Force,New Jersey,JBMDL-DIX,1,-74.61826,40.02957,JBMDL-DIX,EWG_2019,100.0
Air Force,New Jersey,JBMDL-LAKEHURST,3,-74.61826,40.02957,JBMDL-DIX,EWG_2019,100.0
Air Force,New Jersey,JBMDL-MCGUIRE,6,-74.61826,40.02957,JBMDL-DIX,EWG_2019,100.0
Air Force,New Mexico,CANNON,5,-103.3183,34.38978,CANNON,EWG_2019,100.0
Air Force,New Mexico,HOLLOMAN,1,-106.093948,32.846798,HOLLOMAN,EWG_2019,100.0
Air Force,New Mexico,KIRTLAND,4,-106.594784,35.041988,KIRTLAND,EWG_2019,100.0
Air Force,New York,FRANCIS S. GABRESKI (WEST HAMPTON),1,-72.63228,40.842,FRANCIS S. GABRESKI (WEST HAMPTON),EWG_2019,100.0
Air Force,New York,HANCOCK ANG,1,-76.10458,43.10236,HANCOCK ANG,EWG_2019,100.0
Air Force,New York,NIAGARA FALLS,3,-78.94156,43.11631,NIAGARA FALLS,EWG_2019,100.0
Air Force,New York,PLATTSBURGH AFB,2,-73.4479,44.68355,PLATTSBURGH AIR FORCE BASE,EWG_2019,100.0
Air Force,New York,ROME RESEARCH SITE,4,-75.40526,43.23034,ROME RESEARCH SITE,EWG_2019,100.0
Air Force,New York,ROSLYN ANGB,1,-73.626944,40.796389,ROSLYN ANGB,EWG_2019,100.0
Air Force,New York,SCHENECTADY CO,1,-73.923621,42.852947,SCHENECTADY CO,EWG_2019,100.0
Air Force,North Carolina,CHARLOTTE DOUGLAS INTERNATIONAL AIRPORT,1,-80.94732,35.2144,CHARLOTTE DOUGLAS INTERNATIONAL AIRPORT,EWG_2019,100.0
Air Force,North Carolina,SEYMOUR JOHNSON AIR FORCE BASE,3,-77.96205,35.34337,SEYMOUR JOHNSON AIR FORCE BASE,EWG_2019,100.0
Air Force,North Dakota,CAVALIER AIR FORCE STATION,2,-97.907558,48.724793,CAVALIER AIR FORCE STATION,EWG_2019,100.0
Air Force,North Dakota,GRAND FORKS AIR FORCE BASE,1,-97.395721,47.964128,GRAND FORKS AIR FORCE BASE,EWG_2019,100.0
Air Force,North Dakota,HECTOR IAP,1,-96.81801,46.92234,HECTOR IAP,EWG_2019,100.0
Air Force,North Dakota,MINOT,1,-101.33867,48.41575,MINOT,EWG_2019,100.0
Air Force,Ohio,AIR FORCE PLANT 85,1,-82.88737,39.98918,AIR FORCE PLANT 85,EWG_2019,100.0
Air Force,Ohio,GENTILE AFS,1,,,,,
Air Force,Ohio,MANSFIELD LAHM,3,-82.512374,40.813702,MANSFIELD LAHM,EWG_2019,100.0
Air Force,Ohio,NEWARK AFB,2,-82.47003,40.02155,NEWARK AIR FORCE BASE,EWG_2019,100.0
Air Force,Ohio,RICKENBACKER ANGB,1,-82.9435,39.81519,RICKENBACKER AIR NATIONAL GUARD BASE,EWG_2019,89.47368421052632
Air Force,Ohio,SPRINGFIELD-BECKLEY MUNICIPAL AIRPORT,3,-83.831551,39.84899,SPRINGFIELD-BECKLEY MUNICIPAL AIRPORT,EWG_2019,100.0
Air Force,Ohio,TOLEDO EXPRESS AIRPORT,5,-83.80928,41.58783,TOLEDO EXPRESS AIRPORT,EWG_2019,100.0
Air Force,Ohio,WRIGHT PATTERSON,5,-84.05375,39.81373,WRIGHT PATTERSON,EWG_2019,100.0
Air Force,Oklahoma,AIR FORCE PLANT 3,1,-95.87458,36.18053,AIR FORCE PLANT 3,EWG_2019,100.0
Air Force,Oklahoma,ALTUS AIR FORCE BASE,4,-99.28812,34.65218,ALTUS AIR FORCE BASE,EWG_2019,100.0
Air Force,Oklahoma,TINKER,3,-97.39025,35.41465,TINKER,EWG_2019,100.0
Air Force,Oklahoma,VANCE,2,-97.91306,36.3393,VANCE,EWG_2019,100.0
Air Force,Oklahoma,WILL ROGERS WORLD,1,-97.60056,35.39306,WILL ROGERS WORLD,EWG_2019,100.0
Air Force,Oregon,COOS HEAD AIR NATIONAL GUARD STATION,4,-124.340082,43.347814,COOS HEAD AIR NATIONAL GUARD STATION,EWG_2019,100.0
Air Force,Oregon,PORTLAND,1,-122.61591,45.53247,PORTLAND,EWG_2019,100.0
Air Force,South Carolina,JB-CHARLESTON-AIR,6,-80.06915,32.89098,JB-CHARLESTON-AIR,EWG_2019,100.0
Air Force,South Carolina,MCENTIRE AIR GUARD BASE,3,-80.80113,33.94031,MCENTIRE AIR GUARD BASE,EWG_2019,100.0
Air Force,South Carolina,MYRTLE BEACH AFB,5,-78.93412,33.67356,MYRTLE BEACH AIR FORCE BASE,EWG_2019,100.0
Air Force,South Carolina,SHAW AIR FORCE BASE,3,-80.46924,33.97387,SHAW AIR FORCE BASE,EWG_2019,100.0
Air Force,South Dakota,ELLSWORTH AIR FORCE BASE,1,-103.06823,44.11249,ELLSWORTH AIR FORCE BASE,EWG_2019,100.0
Air Force,South Dakota,JOE FOSS FIELD,2,-96.74354,43.57251,JOE FOSS FIELD,EWG_2019,100.0
Air Force,Tennessee,ARNOLD,2,-86.04941,35.37882,ARNOLD,EWG_2019,100.0
Air Force,Tennessee,MCGHEE/TYSON,3,-83.99389,35.81083,MCGHEE/TYSON,EWG_2019,100.0
Air Force,Texas,AIR FORCE PLANT 4,5,-97.449722,32.772222,AIR FORCE PLANT 4,EWG_2019,100.0
Air Force,Texas,BERGSTROM AFB,2,-97.74306,30.26715,BERGSTROM AIR FORCE BASE,EWG_2019,100.0
Air Force,Texas,BROOKS CITY-BASE,4,-98.435172,29.341659,BROOKS CITY-BASE,EWG_2019,100.0
Air Force,Texas,CARSWELL AFB,2,-97.441305,32.773413,CARSWELL AIR FORCE BASE,EWG_2019,100.0
Air Force,Texas,DYESS,3,-99.84187,32.42238,DYESS,EWG_2019,100.0
Air Force,Texas,JBSA-FORT SAM HOUSTON,4,-98.45454,29.4499,JBSA-FORT SAM HOUSTON,EWG_2019,100.0
Air Force,Texas,JBSA-LACKLAND,4,-98.45454,29.4499,JBSA-FORT SAM HOUSTON,EWG_2019,100.0
Air Force,Texas,JBSA-RANDOLPH,5,-98.45454,29.4499,JBSA-FORT SAM HOUSTON,EWG_2019,100.0
Air Force,Texas,KELLY AFB,2,-98.580833,29.383333,KELLY AIR FORCE BASE,EWG_2019,100.0
Air Force,Texas,LAUGHLIN,1,-100.78308,29.35656,LAUGHLIN,EWG_2019,100.0
Air Force,Texas,REESE AFB,3,-102.02975,33.59358,REESE AIR FORCE BASE,EWG_2019,100.0
Air Force,Texas,SHEPPARD,3,-98.51073,33.96857,SHEPPARD,EWG_2019,100.0
Air Force,Utah,HILL AIR FORCE BASE,3,-111.99398,41.13211,HILL AIR FORCE BASE,EWG_2019,100.0
Air Force,Utah,SALT LAKE CITY,3,-111.97907,40.78994,SALT LAKE CITY,EWG_2019,100.0
Air Force,Vermont,BURLINGTON INTERNATIONAL AIRPORT,1,-73.1516,44.47069,BURLINGTON INTERNATIONAL AIRPORT,EWG_2019,100.0
Air Force,Virginia,JBLE-EUSTIS,1,-76.57757,37.15251,JBLE-EUSTIS,EWG_2019,100.0
Air Force,Virginia,JBLE-LANGLEY,1,-76.57757,37.15251,JBLE-EUSTIS,EWG_2019,100.0
Air Force,Wake Island,WAKE ISLAND AIRFIELD,3,,,,,
Air Force,Washington,FAIRCHILD AIR FORCE BASE,2,-117.64386,47.61826,FAIRCHILD AIR FORCE BASE,EWG_2019,100.0
Air Force,Washington,FOUR LAKES COMM AIR GUARD STATION,1,-117.546299,47.542049,FOUR LAKES COMM AIR GUARD STATION,EWG_2019,100.0
Air Force,West Virginia,EWVRA SHEPHERD FIELD (MARTINSBURG),1,-77.81875,39.43355,EWVRA SHEPHERD FIELD (MARTINSBURG),EWG_2019,100.0
Air Force,West Virginia,YEAGER ANG,1,-81.586877,38.372548,YEAGER AIR NATIONAL GUARD,EWG_2019,100.0
Air Force,Wisconsin,GEN B MITCHELL,1,-87.89665,42.94755,GEN B MITCHELL,EWG_2019,100.0
Air Force,Wisconsin,GENERAL MITCHELL AIR FORCE BASE,1,-87.89665,42.94755,GENERAL MITCHELL AIR FORCE BASE,EWG_2019,100.0
Air Force,Wisconsin,VOLK FIELD AIR GUARD BASE,1,-90.263161,43.926224,VOLK FIELD AIR GUARD BASE,EWG_2019,100.0
Air Force,Wyoming,FRANCIS E WARREN AIR FORCE BASE,2,-104.86298,41.14469,FRANCIS E WARREN AIR FORCE BASE,EWG_2019,100.0
Army,Alabama,FORT MCCLELLAN,2,-85.789846,33.725725,FORT MCCLELLAN,EWG_2019,100.0
Army,Alabama,FORT RUCKER,1,-85.712656,31.3375,FORT RUCKER,EWG_2019,100.0
Army,Alaska,FORT GREELY,3,-145.700694,63.958339,FORT GREELY,EWG_2019,100.0
Army,Alaska,FORT WAINWRIGHT,1,-147.607934,64.841829,FORT WAINWRIGHT,EWG_2019,100.0
Army,Alaska,HAINES PIPELINE,2,-135.45261,59.27531,HAINES PIPELINE,EWG_2019,100.0
Army,Arizona,FORT HUACHUCA,1,-110.34648,31.56357,FORT HUACHUCA,EWG_2019,100.0
Army,Arizona,YUMA PROVING GROUND,1,-114.43922,32.85987,YUMA PROVING GROUND,EWG_2019,100.0
Army,Arkansas,FORT CHAFFEE,1,-94.274959,35.303349,FORT CHAFFEE,EWG_2019,100.0
Army,California,FORT HUNTER LIGGETT,2,-121.23693,36.00868,FORT HUNTER LIGGETT,EWG_2019,100.0
Army,California,FORT ORD,1,-121.69136,36.62661,FORT ORD,EWG_2019,100.0
Army,California,MTC-H CAMP ROBERTS,1,-120.743466,35.816232,MANEUVER TRAINING CENTER - CAMP ROBERTS,EWG_2019,80.0
Army,California,NATIONAL TRAINING CENTER AND FORT IRWIN,1,-116.691445,35.26326,NATIONAL TRAINING CENTER AND FORT IRWIN,EWG_2019,100.0
Army,California,PARKS RESERVE FORCES TRAINING AREA,1,-121.907614,37.715335,PARKS RESERVE FORCES TRAINING AREA,EWG_2019,100.0
Army,California,SACRAMENTO ARMY DEPOT,1,-121.395868,38.524514,SACRAMENTO ARMY DEPOT,EWG_2019,100.0
Army,California,SIERRA ARMY DEPOT,2,-120.12617,40.14675,SIERRA ARMY DEPOT,EWG_2019,100.0
Army,California,TS AFRC LOS ALAMITOS,1,-118.05567,33.7907,TS AFRC LOS ALAMITOS,EWG_2019,100.0
Army,Colorado,FORT CARSON,1,-104.79064,38.741374,FORT CARSON,EWG_2019,100.0
Army,Georgia,FORT BENNING,2,-84.808617,32.373421,FORT BENNING,EWG_2019,100.0
Army,Georgia,FORT STEWART,2,-81.607774,31.864719,FORT STEWART,EWG_2019,100.0
Army,Georgia,HUNTER ARMY AIRFIELD,1,-81.631887,31.870755,HUNTER ARMY AIRFIELD,EWG_2019,100.0
Army,Hawaii,FORT KAMEHAMEHA,1,-157.959366,21.328618,FORT KAMEHAMEHA,EWG_2019,100.0
Army,Hawaii,POHAKULOA TRAINING AREA,1,-155.342208,19.673363,POHAKULOA TRAINING AREA,EWG_2019,100.0
Army,Illinois,SAVANNA DEPOT ACTIVITY,1,-90.244591,42.190504,SAVANNA DEPOT ACTIVITY,EWG_2019,100.0
Army,Indiana,FORT BENJAMIN HARRISON,1,-86.020938,39.865032,FORT BENJAMIN HARRISON,EWG_2019,100.0
Army,Indiana,JEFFERSON PROVING GROUND,1,-85.416627,38.83687,JEFFERSON PROVING GROUND,EWG_2019,100.0
Army,Iowa,IOWA ARMY AMMUNITION PLANT,1,-91.265875,40.825,IOWA ARMY AMMUNITION PLANT,EWG_2019,100.0
Army,Kansas,FORT RILEY,3,-96.81038,39.10917,FORT RILEY,EWG_2019,100.0
Army,Kentucky,FORT CAMPBELL,4,-87.496207,36.673319,FORT CAMPBELL,EWG_2019,100.0
Army,Kentucky,FORT KNOX,1,-85.964834,37.908363,FORT KNOX,EWG_2019,100.0
Army,Louisiana,FORT POLK,2,-93.192414,31.045875,FORT POLK,EWG_2019,100.0
Army,Maryland,FORT GEORGE G MEADE,1,-76.72918,39.09789,FORT GEORGE G MEADE,EWG_2019,100.0
Army,Massachusetts,DEVENS RESERVE TRAINING FACILITY,1,-71.620163,42.537029,DEVENS RESERVE TRAINING FACILITY,EWG_2019,100.0
Army,Massachusetts,SUDBURY TRAINING ANNEX,1,-71.472047,42.408794,SUDBURY TRAINING ANNEX,EWG_2019,100.0
Army,Michigan,CAMP GRAYLING ARMY AIRFIELD,1,-84.77257,44.6345,CAMP GRAYLING ARMY AIRFIELD,EWG_2019,100.0
Army,Missouri,FORT LEONARD WOOD,5,-92.15441,37.72287,FORT LEONARD WOOD,EWG_2019,100.0
Army,Montana,FORT WILLIAM HENRY HARRISON,1,-112.108661,46.625454,FORT WILLIAM HENRY HARRISON,EWG_2019,100.0
Army,Nevada,HAWTHORNE ARMY DEPOT,1,-118.659211,38.578515,HAWTHORNE ARMY DEPOT,EWG_2019,100.0
Army,New Mexico,FORT WINGATE DEPOT ACTIVITY,1,-108.542064,35.472067,FORT WINGATE DEPOT ACTIVITY,EWG_2019,100.0
Army,New Mexico,WHITE SANDS MISSILE RANGE,3,-106.4191,32.94195,WHITE SANDS MISSILE RANGE,EWG_2019,100.0
Army,New York,FORT DRUM,1,-75.79566,44.05064,FORT DRUM,EWG_2019,100.0
Army,New York,SENECA ARMY DEPOT ACTIVITY,2,-76.86057,42.73503,SENECA ARMY DEPOT ACTIVITY,EWG_2019,100.0
Army,North Carolina,FORT BRAGG,1,-78.99782,35.14238,FORT BRAGG,EWG_2019,100.0
Army,North Carolina,MILITARY OCEAN TERMINAL SUNNY POINT,1,-77.975979,34.007135,MILITARY OCEAN TERMINAL SUNNY POINT,EWG_2019,100.0
Army,Oklahoma,FORT SILL,1,-98.416931,34.578394,FORT SILL,EWG_2019,100.0
Army,Oregon,UMATILLA CHEMICAL DEPOT,1,-119.447335,45.838032,UMATILLA CHEMICAL DEPOT,EWG_2019,100.0
Army,Pennsylvania,FORT INDIANTOWN GAP,1,-76.568158,40.438078,FORT INDIANTOWN GAP,EWG_2019,100.0
Army,Pennsylvania,LETTERKENNY ARMY DEPOT,2,-77.63164,40.0004,LETTERKENNY ARMY DEPOT,EWG_2019,100.0
Army,Pennsylvania,NORTH PENN USARC,1,-75.3399,40.1215,NORTH PENN US ARMY RESERVE COMMAND,EWG_2019,100.0
Army,Pennsylvania,TOBYHANNA ARMY DEPOT,1,-75.424806,41.194249,TOBYHANNA ARMY DEPOT,EWG_2019,100.0
Army,Texas,FORT BLISS,3,-106.412579,31.799151,FORT BLISS,EWG_2019,100.0
Army,Texas,FORT HOOD,2,-97.720394,31.14149,FORT HOOD,EWG_2019,100.0
Army,Utah,DUGWAY PROVING GROUND,2,-112.745941,40.218714,DUGWAY PROVING GROUND,EWG_2019,100.0
Army,Utah,GREEN RIVER TEST SITE,1,-110.0753,38.9413,GREEN RIVER TEST SITE,EWG_2019,100.0
Army,Virginia,FORT BELVOIR,2,-77.145885,38.701528,FORT BELVOIR,EWG_2019,100.0
Army,Virginia,FORT LEE,2,-77.338907,37.264822,FORT LEE,EWG_2019,100.0
Army,Virginia,FORT MONROE,1,-76.306835,37.008432,FORT MONROE,EWG_2019,100.0
Army,Virginia,FORT PICKETT,1,-77.959696,37.073398,FORT PICKETT,EWG_2019,100.0
Army,Virginia,VINT HILL FARMS STATION,1,-77.672,38.748,VINT HILL FARMS STATION,EWG_2019,100.0
Army,Washington,JOINT BASE LEWIS-MCCHORD,8,-122.478436,47.129441,JOINT BASE LEWIS-MCCHORD,EWG_2019,100.0
Army,Washington,YAKIMA TRAINING CENTER,1,-120.356986,46.682467,YAKIMA TRAINING CENTER,EWG_2019,100.0
Army,Wisconsin,FORT MCCOY,2,-90.68499,44.01493,FORT MCCOY,EWG_2019,100.0
DLA,California,"DD SAN JOAQUIN, SHARPE FACILITY",1,-121.267958,37.839551,"DEFENSE DEPOT SAN JOAQUIN, SHARPE FACILITY FACILITY",EWG_2019,94.73684210526315
DLA,Pennsylvania,"DD SUSQUEHANNA, NEW CUMBERLAND FAC.",1,-76.83877,40.211586,"DEFENSE DEPOT SUSQUEHANNA, NEW CUMBERLAND FACILITY",EWG_2019,88.13559322033899
DLA,Virginia,DSC RICHMOND,1,-77.50101,37.5848,DEFENSE SUPPLY CENTER RICHMOND,EWG_2019,80.0
Navy,Alaska,ADAK NAS,2,-176.646111,51.878056,ADAK NAVAL AIR STATION,EWG_2019,100.0
Navy,Arizona,YUMA MCAS,2,-114.62769,32.69265,YUMA MARINE CORP AIR STATION,EWG_2019,100.0
Navy,California,ALAMEDA NAS,1,-122.24164,37.76521,ALAMEDA NAVAL AIR STATION,EWG_2019,100.0
Navy,California,CAMP PENDLETON MCB,2,-117.3209991,33.31779861,CAMP PENDLETON MARINE CORP BASE,EWG_2019,87.5
Navy,California,CHINA LAKE NAWS,2,-117.65744,35.65517,CHINA LAKE NAVAL AIR WEAPONS STATION,EWG_2019,80.0
Navy,California,CROWS LANDING NALF,1,-121.109123,37.406864,CROWS LANDING NAVAL AUXILLIARY LANDING FIELD,EWG_2019,83.87096774193549
Navy,California,EL CENTRO NAF,5,-115.662971,32.820229,EL CENTRO NAVAL AIR FIELD,EWG_2019,81.81818181818181
Navy,California,EL TORO MCAS,2,-117.72563,33.66757,EL TORO MARINE CORP AIR STATION,EWG_2019,100.0
Navy,California,IMPERIAL BEACH OLF,1,-117.111667,32.563333,IMPERIAL BEACH OUTLYING LANDING FIELD,EWG_2019,87.5
Navy,California,LEMOORE NAS,2,-119.910199,36.261151,LEMOORE NAVAL AIR STATION,EWG_2019,100.0
Navy,California,LONG BEACH NS SAN PEDRO,1,-118.231111,33.757222,LONG BEACH NAVAL STATION SAN PEDRO,EWG_2019,93.02325581395348
Navy,California,MIRAMAR MCAS,1,-117.142516,32.871825,MIRAMAR MARINE CORP AIR STATION,EWG_2019,100.0
Navy,California,MOFFETT FIELD NAS,1,-122.050852,37.410921,MOFFETT FIELD NAVAL AIR STATION,EWG_2019,100.0
Navy,California,POINT MUGU NAWS,2,-119.09972,34.111797,POINT MUGU NAVAL AIR WEAPONS STATION,EWG_2019,80.0
Navy,California,SAN CLEMENTE ISLAND NALF,1,-118.584899,33.020577,SAN CLEMENTE ISLAND NAVAL AUXILLIARY LANDING FIELD,EWG_2019,88.37209302325581
Navy,California,SAN DIEGO FASWTC PAC,1,-117.218197,32.725406,SAN DIEGO FLEET ANTI-SUBMARINE TRAINING CENTER,EWG_2019,92.47311827956989
Navy,California,SAN DIEGO NS,1,-117.218197,32.725406,SAN DIEGO FLEET ANTI-SUBMARINE TRAINING CENTER,EWG_2019,85.71428571428571
Navy,California,SAN DIEGO NTC,1,-117.218197,32.725406,SAN DIEGO FLEET ANTI-SUBMARINE TRAINING CENTER,EWG_2019,81.81818181818181
Navy,California,SAN NICOLAS ISLAND OLF,1,-119.463333,33.241557,SAN NICOLAS ISLAND OUTLYING LANDING FIELD,EWG_2019,90.0
Navy,California,SEAL BEACH NWS,1,-118.10477,33.74141,SEAL BEACH NAVAL AIR WEAPONS STATION,EWG_2019,83.33333333333333
Navy,California,STOCKTON NCS,1,-121.359369,37.950756,STOCKTON NAVAL COMMAND STATION,EWG_2019,80.0
Navy,California,TREASURE ISLAND NS,1,-122.37065,37.82355,TREASURE ISLANDNAVAL STATION,EWG_2019,90.9090909090909
Navy,California,TUSTIN MCAS,1,-117.82364,33.742,TUSTIN MARINE CORP AIR STATION,EWG_2019,100.0
Navy,California,TWENTYNINE PALMS MCAGCC,5,-116.05417,34.13556,TWENTYNINE PALMS MCAGCC,EWG_2019,100.0
Navy,Connecticut,BLOOMFIELD NWIRP,1,-72.708111,41.870073,BLOOMFIELD NAVAL WEAPONS INDUSTRIAL RESERVE PLANT,EWG_2019,100.0
Navy,District of Columbia,ANACOSTIA NS,1,-77.012544,38.847102,ANACOSTIA NAVAL STATION,EWG_2019,85.71428571428571
Navy,Florida,CECIL FIELD NAS,2,-81.882948,30.220866,CECIL FIELDNAVAL AIR STATION,EWG_2019,100.0
Navy,Florida,JACKSONVILLE NAS,2,-81.6806,30.2243,JACKSONVILLENAVAL AIR STATION,EWG_2019,100.0
Navy,Florida,KEY WEST NAS,1,-81.77444,24.578507,KEY WESTNAVAL AIR STATION,EWG_2019,100.0
Navy,Florida,MAYPORT NS,1,-81.40775,30.388797,MAYPORTNAVAL STATION,EWG_2019,82.35294117647058
Navy,Florida,PANAMA CITY CSS,3,-85.752542,30.175021,PANAMA CITY COASTAL SYSTEMS STATION,EWG_2019,84.61538461538461
Navy,Florida,PENSACOLA NAS,3,-87.28855,30.35518,PENSACOLANAVAL AIR STATION,EWG_2019,100.0
Navy,Florida,SAUFLEY FIELD NAS,1,-87.34097,30.46957,SAUFLEY FIELDNAVAL AIR STATION,EWG_2019,100.0
Navy,Florida,WHITING FIELD NAS,4,-87.01858,30.714,WHITING FIELDNAVAL AIR STATION,EWG_2019,100.0
Navy,Georgia,KINGS BAY NSB,1,-81.551147,30.797548,KINGS BAY NAVAL STATION B,EWG_2019,81.81818181818181
Navy,Guam,AGANA NAS,1,,,,,
Navy,Guam,GUAM NAVACTS,2,,,,,
Navy,Guam,NSA ANDERSEN GUAM,8,144.8981435,13.596922954,Andersen Air Force Base,MIRTA,80.0
Navy,Hawaii,BARBERS POINT NAS,1,-158.05192429,21.3218672890001,CSO Barbers Point HI,MIRTA,86.66666666666667
Navy,Hawaii,BARKING SANDS PMRF,2,-159.78258,22.035466,BARKING SANDS PACIFIC MISSILE RANGE FACILITY,EWG_2019,83.87096774193549
Navy,Hawaii,KANEOHE BAY MCB,1,-157.767765,21.449989,KANEOHE BAY MARINE CORP BASE,EWG_2019,84.61538461538461
Navy,Hawaii,PEARL HARBOR NS,2,-157.949497628,21.3388531900001,Joint Base Pearl Harbor-Hickam,MIRTA,88.88888888888889
Navy,Illinois,GLENVIEW NAS,2,-87.815182,42.091644,GLENVIEWNAVAL AIR STATION,EWG_2019,100.0
Navy,Louisiana,NEW ORLEANS NAS,1,-90.036043,29.822297,NEW ORLEANSNAVAL AIR STATION,EWG_2019,100.0
Navy,Maine,BRUNSWICK NAS,1,-69.93193,43.90165,BRUNSWICKNAVAL AIR STATION,EWG_2019,100.0
Navy,Maine,CUTLER NCTS,3,-67.20387,44.65758,CUTLER NAVAL COMPUTER AND TELECOMMUNICATIONS STATION,EWG_2019,100.0
Navy,Maryland,BAINBRIDGE NTC,1,-76.099599,39.605757,BAINBRIDGE NAVAL TRAINING CENTER,EWG_2019,83.33333333333333
Navy,Massachusetts,SOUTH WEYMOUTH NAS,1,-70.94532,42.10482,SOUTH WEYMOUTHNAVAL AIR STATION,EWG_2019,100.0
Navy,Mississippi,GULFPORT NCBC,1,-89.1263993009999,30.377948105,CBC Gulfport MS,MIRTA,85.71428571428571
Navy,Mississippi,MERIDIAN NAS,2,-88.57103,32.55747,MERIDIANNAVAL AIR STATION,EWG_2019,100.0
Navy,Nevada,FALLON NAS,1,-118.721494,39.420692,FALLONNAVAL AIR STATION,EWG_2019,100.0
Navy,New Jersey,COLTS NECK NWS EARLE,2,-74.17237,40.28761,COLTS NECK NAVAL AIR WEAPONS STATION EARLE,EWG_2019,88.88888888888889
Navy,New Jersey,TRENTON NAWC,1,-74.75972,40.22058,TRENTON NAVAL AIR WARFARE CENTER,EWG_2019,100.0
Navy,New York,CALVERTON NWIRP,1,-72.66204,40.91704,CALVERTON NAVAL WEAPONS INDUSTRIAL RESERVE PLANT,EWG_2019,100.0
Navy,North Carolina,CAMP LEJEUNE MCB,1,-77.40274,34.629312,CAMP LEJEUNE MARINE CORP BASE,EWG_2019,85.71428571428571
Navy,North Carolina,CHERRY POINT MCAS,3,-76.881904,34.902642,CHERRY POINT MARINE CORP AIR STATION,EWG_2019,100.0
Navy,Pennsylvania,PHILADELPHIA NS,1,-75.169705,39.892452,PHILADELPHIANAVAL STATION,EWG_2019,88.88888888888889
Navy,Pennsylvania,WARMINSTER NAWC,1,-75.09980011,40.20679855,WARMINSTER NAWC,EWG_2019,100.0
Navy,Pennsylvania,WILLOW GROVE NAS,1,-75.14024,40.20581,WILLOW GROVENAVAL AIR STATION,EWG_2019,100.0
Navy,Puerto Rico,PUERTO RICO NAVACT,2,,,,,
Navy,Puerto Rico,ROOSEVELT ROADS NS,1,,,,,
Navy,Rhode Island,DAVISVILLE NCBC,1,-71.440414,41.605397,DAVISVILLE NAVAL CONSTRUCTION BATTALION CENTER,EWG_2019,80.0
Navy,Rhode Island,NEWPORT NETC,1,-71.31283,41.4901,NEWPORT NETC,EWG_2019,100.0
Navy,South Carolina,BEAUFORT MCAS,3,-80.717384,32.475688,BEAUFORT MARINE CORP AIR STATION,EWG_2019,100.0
Navy,South Carolina,CHARLESTON NS,3,-80.06915,32.89098,CHARLESTONNAVAL STATION,EWG_2019,86.95652173913044
Navy,South Carolina,PARRIS ISLAND MCRD,3,-80.680256,32.320067,PARRIS ISLAND MARINE CORPS RECRUIT DEPOT,EWG_2019,83.87096774193549
Navy,Tennessee,MEMPHIS NAS,2,-89.89731,35.34147,MEMPHISNAVAL AIR STATION,EWG_2019,100.0
Navy,Texas,CHASE FIELD NAS,2,-97.660211,28.361282,CHASE FIELDNAVAL AIR STATION,EWG_2019,100.0
Navy,Texas,CORPUS CHRISTI NAS,1,-97.660211,28.361282,CORPUS CHRISTINAVAL AIR STATION,EWG_2019,100.0
Navy,Texas,DALLAS NAS,9,-96.79699,32.77666,DALLASNAVAL AIR STATION,EWG_2019,100.0
Navy,Texas,FT WORTH TX NAS JRB,1,-97.429380076,32.7755794,NAS Fort Worth JRB TX,MIRTA,100.0
Navy,Texas,KINGSVILLE NAS,1,-97.809709,27.505251,KINGSVILLENAVAL AIR STATION,EWG_2019,100.0
Navy,Virginia,CRANEY ISLAND FISC,1,-76.358748,36.891512,CRANEY ISLAND FLEET INDUSTRIAL SUPPLY CENTER,EWG_2019,83.87096774193549
Navy,Virginia,LITTLE CREEK NAB,1,-76.186791,36.914433,LITTLE CREEK NAVAL AIR BASE,EWG_2019,85.71428571428571
Navy,Virginia,NORFOLK COMNAVBASE,1,-76.28587,36.85077,NORFOLK COMNAVBASE,EWG_2019,100.0
Navy,Virginia,OCEANA NAS,3,-76.13754,36.89301,OCEANANAVAL AIR STATION,EWG_2019,100.0
Navy,Virginia,QUANTICO MCB,1,-77.304832,38.503018,QUANTICO MARINE CORPS BASE,EWG_2019,80.0
Navy,Virginia,ST JULIEN'S CREEK ANNEX,1,-76.322981,36.793357,ST JULIEN'S CREEK ANNEX,EWG_2019,100.0
Navy,Virginia,YORKTOWN NWS,1,-76.547406,37.237662,YORKTOWN NAVAL AIR WEAPONS STATION,EWG_2019,80.0
Navy,Washington,WHIDBEY ISLAND NAS,4,-122.66769,48.34413,WHIDBEY ISLANDNAVAL AIR STATION,EWG_2019,100.0
